Time;Speed;Position X;Position Y;Acceleration X;Speed X;Speed Y;Collision State;Road Identifier;Brake Force;Acceleration Pedal;Lane Gap;Lane Number;Trip Meter;
0.0499701537192;0.0;-880.240966797;194.760925293;0.0;0.0;0.0;0.0;8.0;0.0;0.0;1.72306613422e-13;4.0;0.0;
0.105815038085;0.0;-880.240966797;194.760925293;0.0;0.0;0.0;0.0;8.0;0.0;0.0;1.72306613422e-13;4.0;0.0;
0.185528695583;0.0;-880.240966797;194.760925293;0.0;0.0;0.0;0.0;8.0;0.0;0.0;1.72306613422e-13;4.0;0.0;
0.199938744307;0.0;-880.240966797;194.760925293;0.0;0.0;0.0;0.0;8.0;0.0;0.0;1.72306613422e-13;4.0;0.0;
0.249953776598;0.0;-880.240966797;194.760925293;0.0;0.0;0.0;0.0;8.0;0.0;0.0;1.72306613422e-13;4.0;0.0;
0.29997241497;0.0;-880.240966797;194.760925293;0.0;0.0;0.0;0.0;8.0;0.0;0.0;1.72306613422e-13;4.0;0.0;
0.34997600317;0.0;-880.240966797;194.760925293;0.0;0.0;0.0;0.0;8.0;0.0;0.0;1.72306613422e-13;4.0;0.0;
0.399964511395;0.0;-880.240966797;194.760925293;0.0;0.0;0.0;0.0;8.0;0.0;0.0;1.72306613422e-13;4.0;0.0;
0.449980467558;0.0;-880.240966797;194.760925293;0.0;0.0;0.0;0.0;8.0;0.0;0.0;1.72306613422e-13;4.0;0.0;
0.499968081713;0.0;-880.240966797;194.760925293;0.0;0.0;0.0;0.0;8.0;0.0;0.0;1.72306613422e-13;4.0;0.0;
0.549967169762;0.0;-880.240966797;194.760925293;0.0;0.0;0.0;0.0;8.0;0.0;0.0;1.72306613422e-13;4.0;0.0;
0.599968612194;0.0;-880.240966797;194.760925293;0.0;0.0;0.0;0.0;8.0;0.0;0.0;1.72306613422e-13;4.0;0.0;
0.649990856647;0.0;-880.240966797;194.760925293;0.0;0.0;0.0;0.0;8.0;0.0;0.0;1.72306613422e-13;4.0;0.0;
0.699980020523;0.0;-880.240966797;194.760925293;0.0;0.0;0.0;0.0;8.0;0.0;0.0;1.72306613422e-13;4.0;0.0;
0.749977886677;0.0;-880.240966797;194.760925293;0.0;0.0;0.0;0.0;8.0;0.0;0.0;1.72306613422e-13;4.0;0.0;
0.799985051155;0.0;-880.240966797;194.760925293;0.0;0.0;0.0;0.0;8.0;0.0;0.0;1.72306613422e-13;4.0;0.0;
0.849980831146;0.0;-880.240966797;194.760925293;0.0;0.0;0.0;0.0;8.0;0.0;0.0;1.72306613422e-13;4.0;0.0;
0.899991035461;0.0;-880.240966797;194.760925293;0.0;0.0;0.0;0.0;8.0;0.0;0.0;1.72306613422e-13;4.0;0.0;
0.950006961823;0.0;-880.240966797;194.760925293;0.0;0.0;0.0;0.0;8.0;0.0;0.0;1.72306613422e-13;4.0;0.0;
0.999991893768;0.0;-880.240966797;194.760925293;0.0;0.0;0.0;0.0;8.0;0.0;0.0;1.72306613422e-13;4.0;0.0;
1.0500125885;0.0;-880.240966797;194.760925293;0.0;0.0;0.0;0.0;8.0;0.0;0.0;1.72306613422e-13;4.0;0.0;
1.09999847412;0.0;-880.240966797;194.760925293;0.0;0.0;0.0;0.0;8.0;0.0;0.0;1.72306613422e-13;4.0;0.0;
1.14999568462;0.0;-880.240966797;194.760925293;0.0;0.0;0.0;0.0;8.0;0.0;0.0;1.72306613422e-13;4.0;0.0;
1.20000314713;0.0;-880.240966797;194.760925293;0.0;0.0;0.0;0.0;8.0;0.0;0.0;1.72306613422e-13;4.0;0.0;
1.25002300739;0.0;-880.240966797;194.760925293;0.0;0.0;0.0;0.0;8.0;0.0;0.0;1.72306613422e-13;4.0;0.0;
1.30000889301;0.0;-880.240966797;194.760925293;0.0;0.0;0.0;0.0;8.0;0.0;0.0;1.72306613422e-13;4.0;0.0;
1.35002779961;0.0;-880.240966797;194.760925293;0.0;0.0;0.0;0.0;8.0;0.0;0.0;1.72306613422e-13;4.0;0.0;
1.40001416206;0.0;-880.240966797;194.760925293;0.0;0.0;0.0;0.0;8.0;0.0;0.0;1.72306613422e-13;4.0;0.0;
1.45001542568;0.0;-880.240966797;194.760925293;0.0;0.0;0.0;0.0;8.0;0.0;0.0;1.72306613422e-13;4.0;0.0;
1.50002229214;0.0;-880.240966797;194.760925293;0.0;0.0;0.0;0.0;8.0;0.0;0.0;1.72306613422e-13;4.0;0.0;
1.55003881454;0.0;-880.240966797;194.760925293;0.0;0.0;0.0;0.0;8.0;0.0;0.0;1.72306613422e-13;4.0;0.0;
1.60002708435;0.0;-880.240966797;194.760925293;0.0;0.0;0.0;0.0;8.0;0.0;0.0;1.72306613422e-13;4.0;0.0;
1.65004444122;0.0;-880.240966797;194.760925293;0.0;0.0;0.0;0.0;8.0;0.0;0.0;1.72306613422e-13;4.0;0.0;
1.70002996922;0.0;-880.240966797;194.760925293;0.0;0.0;0.0;0.0;8.0;0.0;0.0;1.72306613422e-13;4.0;0.0;
1.75004982948;0.0;-880.240966797;194.760925293;0.0;0.0;0.0;0.0;8.0;0.0;0.0;1.72306613422e-13;4.0;0.0;
1.80007302761;0.0;-880.240966797;194.760925293;0.0;0.0;0.0;0.0;8.0;0.0;0.0;1.72306613422e-13;4.0;0.0;
1.85003709793;0.0;-880.240966797;194.760925293;0.0;0.0;0.0;0.0;8.0;0.0;0.0;1.72306613422e-13;4.0;0.0;
1.90004038811;0.0;-880.240966797;194.760925293;0.0;0.0;0.0;0.0;8.0;0.0;0.0;1.72306613422e-13;4.0;0.0;
1.95004189014;0.0;-880.240966797;194.760925293;0.0;0.0;0.0;0.0;8.0;0.0;0.0;1.72306613422e-13;4.0;0.0;
2.00002598763;0.0;-880.240966797;194.760925293;0.0;0.0;0.0;0.0;8.0;0.0;0.0;1.72306613422e-13;4.0;0.0;
2.05003261566;0.0;-880.240966797;194.760925293;0.0;0.0;0.0;0.0;8.0;0.0;0.0;1.72306613422e-13;4.0;0.0;
2.10005497932;0.0;-880.240966797;194.760925293;0.0;0.0;0.0;0.0;8.0;0.0;0.0;1.72306613422e-13;4.0;0.0;
2.15007138252;0.0334736667573;-880.240722656;194.760925293;-5.4138622545e-06;0.00929824076593;-2.41569964032e-08;0.0;8.0;0.0;0.0;-4.40714131855e-10;4.0;0.0;
2.20005631447;0.0334736667573;-880.24029541;194.760925293;-7.76954323101e-07;0.00929824076593;-2.2764675478e-08;0.0;8.0;0.0;0.0;-1.63149405097e-09;4.0;0.0;
2.25007724762;0.0334736667573;-880.239746094;194.760925293;-7.76954323101e-07;0.00929824076593;-2.11378186066e-08;0.0;8.0;0.0;0.0;-3.02194358426e-09;4.0;0.0;
2.30006551743;0.0334736667573;-880.239318848;194.760925293;-7.76954323101e-07;0.00929824076593;-1.97459097961e-08;0.0;8.0;0.0;0.0;-4.2116150567e-09;4.0;0.0;
2.35008192062;0.0334736667573;-880.238891602;194.760925293;-7.76954323101e-07;0.00929824076593;-1.83515957985e-08;0.0;8.0;0.0;0.0;-5.40336753119e-09;4.0;0.0;
2.40006780624;0.0334736667573;-880.23840332;194.760925293;-7.76954323101e-07;0.00929824076593;-1.69593707966e-08;0.0;8.0;0.0;0.0;-6.59328769359e-09;4.0;0.0;
2.45006895065;0.0334736667573;-880.237915039;194.760925293;-7.76954323101e-07;0.00929824076593;-1.53330219632e-08;0.0;8.0;0.0;0.0;-7.98334909291e-09;4.0;0.0;
2.50007581711;0.0334736667573;-880.237487793;194.760925293;-7.76954323101e-07;0.00929824076593;-1.39395819332e-08;0.0;8.0;0.0;0.0;-9.17430220682e-09;4.0;0.0;
2.55009269714;0.0334736667573;-880.236999512;194.760925293;-7.76954323101e-07;0.00929824076593;-1.25479520108e-08;0.0;8.0;0.0;0.0;-1.03637347593e-08;4.0;0.0;
2.60008072853;0.0334736667573;-880.236572266;194.760925293;-7.76954323101e-07;0.00929824076593;-1.11530704672e-08;0.0;8.0;0.0;0.0;-1.15559446456e-08;4.0;0.0;
2.65007996559;0.0334736667573;-880.236022949;194.760925293;-7.76954323101e-07;0.00929824076593;-9.52776080254e-09;0.0;8.0;0.0;0.0;-1.29450956621e-08;4.0;0.0;
2.70008325577;0.0334736667573;-880.235595703;194.760925293;-7.76954323101e-07;0.00929824076593;-8.13578981962e-09;0.0;8.0;0.0;0.0;-1.41348248661e-08;4.0;0.0;
2.75010347366;0.0334736667573;-880.235168457;194.760925293;-7.76954323101e-07;0.00929824076593;-6.74117917043e-09;0.0;8.0;0.0;0.0;-1.53267940561e-08;4.0;0.0;
2.80009126663;0.0334736667573;-880.234680176;194.760925293;-7.76954323101e-07;0.00929824076593;-5.34780975059e-09;0.0;8.0;0.0;0.0;-1.65177365119e-08;4.0;0.0;
2.85006761551;0.0334736667573;-880.234191895;194.760925293;-7.76954323101e-07;0.00929824076593;-3.72309494345e-09;0.0;8.0;0.0;0.0;-1.79063768257e-08;4.0;0.0;
2.90007019043;0.0334736667573;-880.233764648;194.760925293;-7.76954323101e-07;0.00929824076593;-2.33012742434e-09;0.0;8.0;0.0;0.0;-1.90969267067e-08;4.0;0.0;
2.95007419586;0.0334736667573;-880.233276367;194.760925293;-7.76954323101e-07;0.00929824076593;-9.36985267153e-10;0.0;8.0;0.0;0.0;-2.02876790922e-08;4.0;0.0;
3.00008440018;0.0334736667573;-880.232849121;194.760925293;-7.76954323101e-07;0.00929824076593;4.55886023376e-10;0.0;8.0;0.0;0.0;-2.14781650243e-08;4.0;0.0;
3.0500869751;0.0334736667573;-880.232299805;194.760925293;-7.76954323101e-07;0.00929824076593;2.08316208727e-09;0.0;8.0;0.0;0.0;-2.28690204551e-08;4.0;0.0;
3.10009217262;0.0334736667573;-880.231872559;194.760925293;-7.76954323101e-07;0.00929824076593;3.47518547272e-09;0.0;8.0;0.0;0.0;-2.40587549882e-08;4.0;0.0;
3.15008330345;0.0334736667573;-880.231445312;194.760925293;-7.76954323101e-07;0.00929824076593;4.86822271384e-09;0.0;8.0;0.0;0.0;-2.52493848052e-08;4.0;0.0;
3.20008778572;0.0334736667573;-880.231018066;194.760925293;-7.76954323101e-07;0.00929824076593;6.26148732863e-09;0.0;8.0;0.0;0.0;-2.64402153505e-08;4.0;0.0;
3.25013017654;0.0334736667573;-880.23046875;194.760925293;-7.76954323101e-07;0.00929824076593;7.88728637957e-09;0.0;8.0;0.0;0.0;-2.78297918044e-08;4.0;0.0;
3.30011940002;0.0334736667573;-880.230041504;194.760925293;-7.76954323101e-07;0.00929824076593;9.27988619281e-09;0.0;8.0;0.0;0.0;-2.90200254938e-08;4.0;0.0;
3.3501355648;0.0334736667573;-880.229553223;194.760925293;-7.76954323101e-07;0.00929824076593;1.06729940441e-08;0.0;8.0;0.0;0.0;-3.02107387995e-08;4.0;0.0;
3.40012121201;0.0334736667573;-880.229125977;194.760925293;-7.76954323101e-07;0.00929824076593;1.20680159199e-08;0.0;8.0;0.0;0.0;-3.140306859e-08;4.0;0.0;
3.45012235641;0.0334736667573;-880.228637695;194.760925293;-7.76954323101e-07;0.00929824076593;1.36924072081e-08;0.0;8.0;0.0;0.0;-3.27914335685e-08;4.0;0.0;
3.5000975132;0.0334736667573;-880.228149414;194.760925293;-7.76954323101e-07;0.00929824076593;1.508677272e-08;0.0;8.0;0.0;0.0;-3.39832446627e-08;4.0;0.0;
3.5501074791;0.0334736667573;-880.227722168;194.760925293;-7.76954323101e-07;0.00929824076593;1.64789621948e-08;0.0;8.0;0.0;0.0;-3.51731266335e-08;4.0;0.0;
3.60012292862;0.0334736667573;-880.227294922;194.760925293;-7.76954323101e-07;0.00929824076593;1.7873293956e-08;0.0;8.0;0.0;0.0;-3.63648311463e-08;4.0;0.0;
3.65011167526;0.0334736667573;-880.226745605;194.760925293;-7.76954323101e-07;0.00929824076593;1.94983051927e-08;0.0;8.0;0.0;0.0;-3.77537681118e-08;4.0;0.0;
3.70012807846;0.0334736667573;-880.226318359;194.760925293;-7.76954323101e-07;0.00929824076593;2.08908979005e-08;0.0;8.0;0.0;0.0;-3.89440053539e-08;4.0;0.0;
3.75012516975;0.0334736667573;-880.225830078;194.760925293;-7.76954323101e-07;0.00929824076593;2.22840306208e-08;0.0;8.0;0.0;0.0;-4.01347044487e-08;4.0;0.0;
3.80012750626;0.0334736667573;-880.225402832;194.760925293;-7.76954323101e-07;0.00929824076593;2.36773036733e-08;0.0;8.0;0.0;0.0;-4.13255563103e-08;4.0;0.0;
3.85012245178;0.0334736667573;-880.224914551;194.760925293;-7.76954323101e-07;0.00929824076593;2.53043879184e-08;0.0;8.0;0.0;0.0;-4.27162376582e-08;4.0;0.0;
3.9001250267;0.0334736667573;-880.22442627;194.760925293;-7.76954323101e-07;0.00929824076593;2.66960444861e-08;0.0;8.0;0.0;0.0;-4.39056933033e-08;4.0;0.0;
3.95013523102;0.0334736667573;-880.223999023;194.760925293;-7.76954323101e-07;0.00929824076593;2.8089299775e-08;0.0;8.0;0.0;0.0;-4.50964989795e-08;4.0;0.0;
4.00013828278;0.0334736667573;-880.223571777;194.760925293;-7.76954323101e-07;0.00929824076593;2.94838411463e-08;0.0;8.0;0.0;0.0;-4.62884059971e-08;4.0;0.0;
4.05014657974;0.0334736667573;-880.223022461;194.760925293;-7.76954323101e-07;0.00929824076593;3.11082857252e-08;0.0;8.0;0.0;0.0;-4.76768349245e-08;4.0;0.0;
4.10013532639;0.0334736667573;-880.222595215;194.760925293;-7.76954323101e-07;0.00929824076593;3.25015214742e-08;0.0;8.0;0.0;0.0;-4.88676263899e-08;4.0;0.0;
4.15013837814;0.0334736667573;-880.222167969;194.760925293;-7.76954323101e-07;0.00929824076593;3.3894796303e-08;0.0;8.0;0.0;0.0;-5.00585031205e-08;4.0;0.0;
4.20014095306;0.0;-880.221862793;194.760925293;3.03634988086e-06;0.0;0.0;0.0;8.0;0.0;0.0;-5.06751902662e-08;4.0;0.0;
4.25015211105;0.0;-880.221862793;194.760925293;0.0;0.0;0.0;0.0;8.0;0.0;0.0;-5.05464896605e-08;4.0;0.0;
4.30015420914;0.0;-880.221862793;194.760925293;0.0;0.0;0.0;0.0;8.0;0.0;0.0;-5.05464896605e-08;4.0;0.0;
4.35014915466;0.0;-880.221862793;194.760925293;0.0;0.0;0.0;0.0;8.0;0.0;0.0;-5.05464896605e-08;4.0;0.0;
4.40017604828;0.0;-880.221862793;194.760925293;0.0;0.0;0.0;0.0;8.0;0.0;0.0;-5.05464896605e-08;4.0;0.0;
4.45019435883;0.0;-880.221862793;194.760925293;0.0;0.0;0.0;0.0;8.0;0.0;0.0;-5.05464896605e-08;4.0;0.0;
4.50018310547;0.0;-880.221862793;194.760925293;0.0;0.0;0.0;0.0;8.0;0.0;0.0;-5.05464896605e-08;4.0;0.0;
4.5501999855;0.0;-880.221862793;194.760925293;0.0;0.0;0.0;0.0;8.0;0.0;0.0;-5.05464896605e-08;4.0;0.0;
4.60018539429;0.0;-880.221862793;194.760925293;0.0;0.0;0.0;0.0;8.0;0.0;0.0;-5.05464896605e-08;4.0;0.0;
4.65018606186;0.0;-880.221862793;194.760925293;0.0;0.0;0.0;0.0;8.0;0.0;0.0;-5.05464896605e-08;4.0;0.0;
4.70019435883;0.0;-880.221862793;194.760925293;0.0;0.0;0.0;0.0;8.0;0.0;0.0;-5.05464896605e-08;4.0;0.0;
4.75019311905;0.0;-880.221862793;194.760925293;0.0;0.0;0.0;0.0;8.0;0.0;0.0;-5.05464896605e-08;4.0;0.0;
4.80019903183;0.0;-880.221862793;194.760925293;0.0;0.0;0.0;0.0;8.0;0.0;0.0;-5.05464896605e-08;4.0;0.0;
4.85019683838;0.0332337133586;-880.221374512;194.760925293;-6.22320214916e-07;0.00923158694059;3.60706557956e-08;0.0;8.0;0.0;0.0;-5.2103978021e-08;4.0;0.0;
4.90020561218;0.0332337133586;-880.220947266;194.760925293;-6.22320214916e-07;0.00923158694059;3.7451080459e-08;0.0;8.0;0.0;0.0;-5.32843564827e-08;4.0;0.0;
4.95020294189;0.0332337133586;-880.220458984;194.760925293;-6.22320214916e-07;0.00923158694059;3.88333809553e-08;0.0;8.0;0.0;0.0;-5.44658611545e-08;4.0;0.0;
5.00020980835;0.0332337133586;-880.220031738;194.760925293;-6.22320214916e-07;0.00923158694059;4.02146689282e-08;0.0;8.0;0.0;0.0;-5.56475612257e-08;4.0;0.0;
5.05022668839;0.0332337133586;-880.219543457;194.760925293;-6.22320214916e-07;0.00923158694059;4.18281977943e-08;0.0;8.0;0.0;0.0;-5.70274707457e-08;4.0;0.0;
5.10025167465;0.0332337133586;-880.219055176;194.760925293;-6.22320214916e-07;0.00923158694059;4.32091766811e-08;0.0;8.0;0.0;0.0;-5.82088652834e-08;4.0;0.0;
5.15024232864;0.0332337133586;-880.21862793;194.760925293;-6.22320214916e-07;0.00923158694059;4.45909336122e-08;0.0;8.0;0.0;0.0;-5.93903948243e-08;4.0;0.0;
5.20020246506;0.0332337133586;-880.218200684;194.760925293;-6.22320214916e-07;0.00923158694059;4.59712623524e-08;0.0;8.0;0.0;0.0;-6.05712102697e-08;4.0;0.0;
5.25023794174;0.0332337133586;-880.217651367;194.760925293;-6.22320214916e-07;0.00923158694059;4.75846846371e-08;0.0;8.0;0.0;0.0;-6.19510842625e-08;4.0;0.0;
5.30022621155;0.0332337133586;-880.217224121;194.760925293;-6.22320214916e-07;0.00923158694059;4.89662781433e-08;0.0;8.0;0.0;0.0;-6.31325036693e-08;4.0;0.0;
5.35024261475;0.0332337133586;-880.216796875;194.760925293;-6.22320214916e-07;0.00923158694059;5.03479355984e-08;0.0;8.0;0.0;0.0;-6.4313923076e-08;4.0;0.0;
5.40023183823;0.0332337133586;-880.216369629;194.760925293;-6.22320214916e-07;0.00923158694059;5.17290033031e-08;0.0;8.0;0.0;0.0;-6.54949019463e-08;4.0;0.0;
5.45024299622;0.0332337133586;-880.215820312;194.760925293;-6.22320214916e-07;0.00923158694059;5.33427133576e-08;0.0;8.0;0.0;0.0;-6.68749606803e-08;4.0;0.0;
5.50023698807;0.0332337133586;-880.215393066;194.760925293;-6.22320214916e-07;0.00923158694059;5.47237135606e-08;0.0;8.0;0.0;0.0;-6.80558684962e-08;4.0;0.0;
5.55023479462;0.0332337133586;-880.21496582;194.760925293;-6.22320214916e-07;0.00923158694059;5.61036124225e-08;0.0;8.0;0.0;0.0;-6.92363428811e-08;4.0;0.0;
5.60023927689;0.0332337133586;-880.214477539;194.760925293;-6.22320214916e-07;0.00923158694059;5.74858773916e-08;0.0;8.0;0.0;0.0;-7.04183875655e-08;4.0;0.0;
5.65027618408;0.0332337133586;-880.213989258;194.760925293;-6.22320214916e-07;0.00923158694059;5.90985997917e-08;0.0;8.0;0.0;0.0;-7.17975865427e-08;4.0;0.0;
5.70024728775;0.0332337133586;-880.213562012;194.760925293;-6.22320214916e-07;0.00923158694059;6.0480751074e-08;0.0;8.0;0.0;0.0;-7.2979446486e-08;4.0;0.0;
5.75026416779;0.0332337133586;-880.21307373;194.760925293;-6.22320214916e-07;0.00923158694059;6.18621669446e-08;0.0;8.0;0.0;0.0;-7.41601624554e-08;4.0;0.0;
5.80025100708;0.0332337133586;-880.212646484;194.760925293;-6.22320214916e-07;0.00923158694059;6.3252940663e-08;0.0;8.0;0.0;0.0;-7.53457953806e-08;4.0;0.0;
5.85027074814;0.0332337133586;-880.212158203;194.760925293;-6.22320214916e-07;0.00923158694059;6.48684448379e-08;0.0;8.0;0.0;0.0;-7.67212284813e-08;4.0;0.0;
5.90025520325;0.0332337133586;-880.211669922;194.760925293;-6.22320214916e-07;0.00923158694059;6.62566250753e-08;0.0;8.0;0.0;0.0;-7.79030671083e-08;4.0;0.0;
5.95027446747;0.0332337133586;-880.211242676;194.760925293;-6.22320214916e-07;0.00923158694059;6.76447200476e-08;0.0;8.0;0.0;0.0;-7.90848417864e-08;4.0;0.0;
6.00024938583;0.0332337133586;-880.21081543;194.760925293;-6.22320214916e-07;0.00923158694059;6.90327013331e-08;0.0;8.0;0.0;0.0;-8.02665454103e-08;4.0;0.0;
6.05028057098;0.0332337133586;-880.210266113;194.760925293;-6.22320214916e-07;0.00923158694059;7.06506426695e-08;0.0;8.0;0.0;0.0;-8.16439964524e-08;4.0;0.0;
6.10026836395;0.0332337133586;-880.209838867;194.760925293;-6.22320214916e-07;0.00923158694059;7.20385102682e-08;0.0;8.0;0.0;0.0;-8.28256148111e-08;4.0;0.0;
6.15028572083;0.0332337133586;-880.209411621;194.760925293;-6.22320214916e-07;0.00923158694059;7.34269036684e-08;0.0;8.0;0.0;0.0;-8.40076452846e-08;4.0;0.0;
6.20027446747;0.0332337133586;-880.208984375;194.760925293;-6.22320214916e-07;0.00923158694059;7.4815851292e-08;0.0;8.0;0.0;0.0;-8.51901447163e-08;4.0;0.0;
6.25028657913;0.0332337133586;-880.208435059;194.760925293;-6.22320214916e-07;0.00923158694059;7.64336292036e-08;0.0;8.0;0.0;0.0;-8.65674820716e-08;4.0;0.0;
6.30026626587;0.0332337133586;-880.208007812;194.760925293;-6.22320214916e-07;0.00923158694059;7.78219657604e-08;0.0;8.0;0.0;0.0;-8.7749477018e-08;4.0;0.0;
6.35029697418;0.0332337133586;-880.207580566;194.760925293;-6.22320214916e-07;0.00923158694059;7.92099683622e-08;0.0;8.0;0.0;0.0;-8.89311593255e-08;4.0;0.0;
6.40028476715;0.0332337133586;-880.207092285;194.760925293;-6.22320214916e-07;0.00923158694059;8.0599136254e-08;0.0;8.0;0.0;0.0;-9.01139003417e-08;4.0;0.0;
6.4502825737;0.0332337133586;-880.206604004;194.760925293;-6.22320214916e-07;0.00923158694059;8.22188184202e-08;0.0;8.0;0.0;0.0;-9.1492850629e-08;4.0;0.0;
6.50029993057;0.0332337133586;-880.206176758;194.760925293;-6.22320214916e-07;0.00923158694059;8.36064160126e-08;0.0;8.0;0.0;0.0;-9.26741918761e-08;4.0;0.0;
6.55030727386;0.0332337133586;-880.205688477;194.760925293;-6.22320214916e-07;0.00923158694059;8.49943617709e-08;0.0;8.0;0.0;0.0;-9.38558670782e-08;4.0;0.0;
6.60027742386;0.0332337133586;-880.20526123;194.760925293;-6.22320214916e-07;0.00923158694059;8.63808438112e-08;0.0;8.0;0.0;0.0;-9.50362846197e-08;4.0;0.0;
6.65029335022;0.0332337133586;-880.204772949;194.760925293;-6.22320214916e-07;0.00923158694059;8.80014994209e-08;0.0;8.0;0.0;0.0;-9.64160520311e-08;4.0;0.0;
6.70032072067;0.0332337133586;-880.204284668;194.760925293;-6.22320214916e-07;0.00923158694059;8.93895020226e-08;0.0;8.0;0.0;0.0;-9.75977769713e-08;4.0;0.0;
6.75031805038;0.0332337133586;-880.203857422;194.760925293;-6.22320214916e-07;0.00923158694059;9.07759485358e-08;0.0;8.0;0.0;0.0;-9.87781518802e-08;4.0;0.0;
6.80030488968;0.0;-880.203674316;194.760925293;2.29593499768e-08;0.0;0.0;0.0;8.0;0.0;0.0;-9.88389885492e-08;4.0;0.0;
6.8502907753;0.0;-880.203735352;194.760925293;-2.1950230078e-08;0.0;0.0;0.0;8.0;0.0;0.0;-9.87286625787e-08;4.0;0.0;
6.90029811859;0.0;-880.203735352;194.760925293;-2.1950230078e-08;0.0;0.0;0.0;8.0;0.0;0.0;-9.87286625787e-08;4.0;0.0;
6.95032835007;0.0;-880.203735352;194.760925293;-2.1950230078e-08;0.0;0.0;0.0;8.0;0.0;0.0;-9.87286625787e-08;4.0;0.0;
7.00030469894;0.0;-880.203735352;194.760925293;-2.1950230078e-08;0.0;0.0;0.0;8.0;0.0;0.0;-9.87286625787e-08;4.0;0.0;
7.05031490326;0.0;-880.203735352;194.760925293;-2.1950230078e-08;0.0;0.0;0.0;8.0;0.0;0.0;-9.87286625787e-08;4.0;0.0;
7.10031890869;0.0;-880.203735352;194.760925293;-2.1950230078e-08;0.0;0.0;0.0;8.0;0.0;0.0;-9.87286625787e-08;4.0;0.0;
7.15033912659;0.0;-880.203735352;194.760925293;-2.1950230078e-08;0.0;0.0;0.0;8.0;0.0;0.0;-9.87286625787e-08;4.0;0.0;
7.20032691956;0.0;-880.203735352;194.760925293;-2.1950230078e-08;0.0;0.0;0.0;8.0;0.0;0.0;-9.87286625787e-08;4.0;0.0;
7.25032520294;0.0;-880.203735352;194.760925293;-2.1950230078e-08;0.0;0.0;0.0;8.0;0.0;0.0;-9.87286625787e-08;4.0;0.0;
7.30033302307;0.0;-880.203735352;194.760925293;-2.1950230078e-08;0.0;0.0;0.0;8.0;0.0;0.0;-9.87286625787e-08;4.0;0.0;
7.35033130646;0.0;-880.203735352;194.760925293;-2.1950230078e-08;0.0;0.0;0.0;8.0;0.0;0.0;-9.87286625787e-08;4.0;0.0;
7.40033864975;0.0;-880.203735352;194.760925293;-2.1950230078e-08;0.0;0.0;0.0;8.0;0.0;0.0;-9.87286625787e-08;4.0;0.0;
7.45035505295;0.0;-880.203735352;194.760925293;-2.1950230078e-08;0.0;0.0;0.0;8.0;0.0;0.0;-9.87286625787e-08;4.0;0.0;
7.50034236908;0.0;-880.203735352;194.760925293;-2.1950230078e-08;0.0;0.0;0.0;8.0;0.0;0.0;-9.87286625787e-08;4.0;0.0;
7.55036067963;0.0;-880.203735352;194.760925293;-2.1950230078e-08;0.0;0.0;0.0;8.0;0.0;0.0;-9.87286625787e-08;4.0;0.0;
7.6003484726;0.0;-880.203735352;194.760925293;-2.1950230078e-08;0.0;0.0;0.0;8.0;0.0;0.0;-9.87286625787e-08;4.0;0.0;
7.65034675598;0.0;-880.203735352;194.760925293;-2.1950230078e-08;0.0;0.0;0.0;8.0;0.0;0.0;-9.87286625787e-08;4.0;0.0;
7.70035457611;0.0;-880.203735352;194.760925293;-2.1950230078e-08;0.0;0.0;0.0;8.0;0.0;0.0;-9.87286625787e-08;4.0;0.0;
7.75037097931;0.0;-880.203735352;194.760925293;-2.1950230078e-08;0.0;0.0;0.0;8.0;0.0;0.0;-9.87286625787e-08;4.0;0.0;
7.80035924911;0.0;-880.203735352;194.760925293;-2.1950230078e-08;0.0;0.0;0.0;8.0;0.0;0.0;-9.87286625787e-08;4.0;0.0;
7.85034656525;0.0;-880.203735352;194.760925293;-2.1950230078e-08;0.0;0.0;0.0;8.0;0.0;0.0;-9.87286625787e-08;4.0;0.0;
7.90039777756;0.0325888358057;-880.203613281;194.760925293;-2.33103060054e-06;0.00905245449394;8.99129233289e-08;0.0;8.0;0.0;0.0;-9.91916877524e-08;4.0;0.0;
7.95038175583;0.0325888358057;-880.203125;194.760925293;-4.80539370074e-07;0.00905245449394;9.12475499604e-08;0.0;8.0;0.0;0.0;-1.00657643998e-07;4.0;0.0;
8.00035572052;0.0325888358057;-880.202697754;194.760925293;-4.80539370074e-07;0.00905245449394;9.25822618569e-08;0.0;8.0;0.0;0.0;-1.01815750497e-07;4.0;0.0;
8.05036830902;0.0325888358057;-880.202209473;194.760925293;-4.80539370074e-07;0.00905245449394;9.41406099741e-08;0.0;8.0;0.0;0.0;-1.03167955956e-07;4.0;0.0;
8.10037231445;0.0325888358057;-880.201782227;194.760925293;-4.80539370074e-07;0.00905245449394;9.54735028813e-08;0.0;8.0;0.0;0.0;-1.04324527683e-07;4.0;0.0;
8.15037345886;0.0325888358057;-880.20135498;194.760925293;-4.80539370074e-07;0.00905245449394;9.68082076724e-08;0.0;8.0;0.0;0.0;-1.05482655499e-07;4.0;0.0;
8.20038127899;0.0325888320804;-880.200866699;194.760925293;-4.80539370074e-07;0.00905245356262;9.81426921953e-08;0.0;8.0;0.0;0.0;-1.06640584363e-07;4.0;0.0;
8.25038337708;0.0325888320804;-880.200378418;194.760925293;-4.80539370074e-07;0.00905245356262;9.96997613356e-08;0.0;8.0;0.0;0.0;-1.07991652953e-07;4.0;0.0;
8.30038642883;0.0325888320804;-880.199951172;194.760925293;-4.80539370074e-07;0.00905245356262;1.01035453781e-07;0.0;8.0;0.0;0.0;-1.09150640526e-07;4.0;0.0;
8.35040378571;0.0325888320804;-880.199523926;194.760925293;-4.80539370074e-07;0.00905245356262;1.02369639876e-07;0.0;8.0;0.0;0.0;-1.10308356227e-07;4.0;0.0;
8.4003868103;0.0325888320804;-880.19909668;194.760925293;-4.80539370074e-07;0.00905245356262;1.03705247056e-07;0.0;8.0;0.0;0.0;-1.11467215902e-07;4.0;0.0;
8.45040416718;0.0325888320804;-880.198547363;194.760925293;-4.80539370074e-07;0.00905245356262;1.05261122485e-07;0.0;8.0;0.0;0.0;-1.12817268416e-07;4.0;0.0;
8.50039482117;0.0325888320804;-880.198120117;194.760925293;-4.80539370074e-07;0.00905245356262;1.06595791749e-07;0.0;8.0;0.0;0.0;-1.1397536781e-07;4.0;0.0;
8.55040931702;0.0;-880.198120117;194.760925293;-1.01887769688e-06;0.0;0.0;0.0;8.0;0.0;0.0;-1.1356053875e-07;4.0;0.0;
8.60038852692;0.0;-880.198120117;194.760925293;-4.08121287876e-08;0.0;0.0;0.0;8.0;0.0;0.0;-1.1356053875e-07;4.0;0.0;
8.65041923523;0.0;-880.198120117;194.760925293;-4.08121287876e-08;0.0;0.0;0.0;8.0;0.0;0.0;-1.1356053875e-07;4.0;0.0;
8.70040798187;0.0;-880.198120117;194.760925293;-4.08121287876e-08;0.0;0.0;0.0;8.0;0.0;0.0;-1.1356053875e-07;4.0;0.0;
8.75042533875;0.0;-880.198059082;194.760925293;0.0;0.0;0.0;0.0;8.0;0.0;0.0;-1.1377260023e-07;4.0;0.0;
8.80041313171;0.0;-880.198059082;194.760925293;0.0;0.0;0.0;0.0;8.0;0.0;0.0;-1.1377260023e-07;4.0;0.0;
8.85042572021;0.0;-880.198059082;194.760925293;0.0;0.0;0.0;0.0;8.0;0.0;0.0;-1.1377260023e-07;4.0;0.0;
8.90042209625;0.0;-880.198059082;194.760925293;0.0;0.0;0.0;0.0;8.0;0.0;0.0;-1.1377260023e-07;4.0;0.0;
8.95043087006;0.0;-880.198059082;194.760925293;0.0;0.0;0.0;0.0;8.0;0.0;0.0;-1.1377260023e-07;4.0;0.0;
9.00040912628;0.0;-880.198059082;194.760925293;0.0;0.0;0.0;0.0;8.0;0.0;0.0;-1.1377260023e-07;4.0;0.0;
9.0504360199;0.0;-880.198059082;194.760925293;0.0;0.0;0.0;0.0;8.0;0.0;0.0;-1.1377260023e-07;4.0;0.0;
9.10042953491;0.0;-880.198059082;194.760925293;0.0;0.0;0.0;0.0;8.0;0.0;0.0;-1.1377260023e-07;4.0;0.0;
9.15044593811;0.0;-880.198059082;194.760925293;0.0;0.0;0.0;0.0;8.0;0.0;0.0;-1.1377260023e-07;4.0;0.0;
9.20043182373;0.0;-880.198059082;194.760925293;0.0;0.0;0.0;0.0;8.0;0.0;0.0;-1.1377260023e-07;4.0;0.0;
9.25042915344;0.0;-880.198059082;194.760925293;0.0;0.0;0.0;0.0;8.0;0.0;0.0;-1.1377260023e-07;4.0;0.0;
9.30044078827;0.0;-880.198059082;194.760925293;-4.61070013046;0.0;0.0;0.0;8.0;0.0;0.00650716619566;-1.13873042551e-07;4.0;0.0;
9.35043811798;0.0333586893976;-880.197570801;194.760925293;-6.40339976599e-07;0.00926630292088;1.10910029605e-07;0.0;8.0;0.0;0.0;-1.15574074755e-07;4.0;0.0;
9.40044593811;0.0333586893976;-880.197143555;194.760925293;-6.40339976599e-07;0.00926630292088;1.12309052724e-07;0.0;8.0;0.0;0.0;-1.16760745072e-07;4.0;0.0;
9.45044326782;0.0333586893976;-880.196594238;194.760925293;-6.40339976599e-07;0.00926630292088;1.13941737823e-07;0.0;8.0;0.0;0.0;-1.18145663919e-07;4.0;0.0;
9.50045108795;0.0333586893976;-880.196166992;194.760925293;-6.40339976599e-07;0.00926630292088;1.15340050399e-07;0.0;8.0;0.0;0.0;-1.19331787118e-07;4.0;0.0;
9.55046749115;0.0333586856723;-880.195739746;194.760925293;-6.40339976599e-07;0.00926630198956;1.16737275846e-07;0.0;8.0;0.0;0.0;-1.20516972402e-07;4.0;0.0;
9.60045623779;0.0333586856723;-880.195251465;194.760925293;-6.40339976599e-07;0.00926630198956;1.18135346838e-07;0.0;8.0;0.0;0.0;-1.21702868228e-07;4.0;0.0;
9.65047359467;0.0333586856723;-880.194763184;194.760925293;-6.40339976599e-07;0.00926630198956;1.19767207707e-07;0.0;8.0;0.0;0.0;-1.23087090742e-07;4.0;0.0;
9.70046234131;0.0333586856723;-880.194274902;194.760925293;-6.40339976599e-07;0.00926630198956;1.21165697919e-07;0.0;8.0;0.0;0.0;-1.24273384472e-07;4.0;0.0;
9.75047874451;0.0333586856723;-880.193847656;194.760925293;-6.40339976599e-07;0.00926630198956;1.22564074445e-07;0.0;8.0;0.0;0.0;-1.25459536093e-07;4.0;0.0;
9.80046081543;0.0333586856723;-880.19342041;194.760925293;-6.40339976599e-07;0.00926630198956;1.23962749399e-07;0.0;8.0;0.0;0.0;-1.2664594351e-07;4.0;0.0;
9.85048294067;0.0333586856723;-880.192871094;194.760925293;-6.40339976599e-07;0.00926630198956;1.25594041833e-07;0.0;8.0;0.0;0.0;-1.28029668645e-07;4.0;0.0;
9.90046977997;0.0333586856723;-880.192443848;194.760925293;-6.40339976599e-07;0.00926630198956;1.26992318883e-07;0.0;8.0;0.0;0.0;-1.29215777633e-07;4.0;0.0;
9.95048999786;0.0333586856723;-880.192016602;194.760925293;-6.40339976599e-07;0.00926630198956;1.28392017018e-07;0.0;8.0;0.0;0.0;-1.30403037701e-07;4.0;0.0;
10.000462532;0.0333586856723;-880.191589355;194.760925293;-6.40339976599e-07;0.00926630198956;1.29789412995e-07;0.0;8.0;0.0;0.0;-1.31588379304e-07;4.0;0.0;
10.049498558;0.0333586856723;-880.191040039;194.760925293;-6.40339976599e-07;0.00926630198956;1.31391558966e-07;0.0;8.0;0.0;0.0;-1.3294734913e-07;4.0;0.0;
10.0995397568;0.0333586856723;-880.190612793;194.760925293;-6.40339976599e-07;0.00926630198956;1.32790972884e-07;0.0;8.0;0.0;0.0;-1.34134410246e-07;4.0;0.0;
10.1494808197;0.0;-880.190246582;194.760925293;5.90987883697e-06;0.0;0.0;0.0;8.0;0.0;0.0;-1.34862474965e-07;4.0;0.0;
10.1994667053;0.0;-880.190307617;194.760925293;-1.76114607342e-08;0.0;0.0;0.0;8.0;0.0;0.0;-1.34322846179e-07;4.0;0.0;
10.2494869232;0.0;-880.190307617;194.760925293;-1.76114607342e-08;0.0;0.0;0.0;8.0;0.0;0.0;-1.34322846179e-07;4.0;0.0;
10.2994718552;0.0;-880.190307617;194.760925293;-1.76114607342e-08;0.0;0.0;0.0;8.0;0.0;0.0;-1.34322846179e-07;4.0;0.0;
10.3494920731;0.0;-880.190307617;194.760925293;-1.76114607342e-08;0.0;0.0;0.0;8.0;0.0;0.0;-1.34322846179e-07;4.0;0.0;
10.3994779587;0.0337886065245;-880.190185547;194.760925293;4.61070013046;0.00938572455198;1.35856950578e-07;0.0;8.0;0.0;0.00650716619566;-1.34666706231e-07;4.0;0.0;
10.4494972229;0.0337886065245;-880.18963623;194.760925293;-5.47798720163e-07;0.00938572455198;1.37531529276e-07;0.0;8.0;0.0;0.0;-1.36620570856e-07;4.0;0.0;
10.4994812012;0.0337886065245;-880.189208984;194.760925293;-5.47798720163e-07;0.00938572455198;1.38963969221e-07;0.0;8.0;0.0;0.0;-1.3781972541e-07;4.0;0.0;
10.5495033264;0.0337886065245;-880.188781738;194.760925293;-5.47798720163e-07;0.00938572455198;1.40398782378e-07;0.0;8.0;0.0;0.0;-1.39020883694e-07;4.0;0.0;
10.5994882584;0.0337886065245;-880.188293457;194.760925293;-5.47798720163e-07;0.00938572455198;1.4183333974e-07;0.0;8.0;0.0;0.0;-1.40221814604e-07;4.0;0.0;
10.6495075226;0.0337886065245;-880.187805176;194.760925293;-5.47798720163e-07;0.00938572455198;1.43509467421e-07;0.0;8.0;0.0;0.0;-1.41624937555e-07;4.0;0.0;
10.6994934082;0.0337886065245;-880.187316895;194.760925293;-5.47798720163e-07;0.00938572455198;1.44942291058e-07;0.0;8.0;0.0;0.0;-1.42824404747e-07;4.0;0.0;
10.7495136261;0.0337886065245;-880.186889648;194.760925293;-5.47798720163e-07;0.00938572362065;1.46376265775e-07;0.0;8.0;0.0;0.0;-1.44024824067e-07;4.0;0.0;
10.799498558;0.0337886065245;-880.186401367;194.760925293;-5.47798720163e-07;0.00938572362065;1.47811363149e-07;0.0;8.0;0.0;0.0;-1.45226223935e-07;4.0;0.0;
10.8495063782;0.0337886065245;-880.185913086;194.760925293;-5.47798720163e-07;0.00938572362065;1.49485572365e-07;0.0;8.0;0.0;0.0;-1.46627783693e-07;4.0;0.0;
10.8995046616;0.0;-880.185791016;194.760925293;-6.59753425225e-07;0.0;0.0;0.0;8.0;0.0;0.0;-1.4630502676e-07;4.0;0.0;
10.949505806;0.0;-880.185791016;194.760925293;-3.42804327147e-08;0.0;0.0;0.0;8.0;0.0;0.0;-1.46204783391e-07;4.0;0.0;
10.9995107651;0.0;-880.185791016;194.760925293;-3.42804327147e-08;0.0;0.0;0.0;8.0;0.0;0.0;-1.46204783391e-07;4.0;0.0;
11.0495119095;0.0;-880.185791016;194.760925293;-3.42804327147e-08;0.0;0.0;0.0;8.0;0.0;0.0;-1.46204783391e-07;4.0;0.0;
11.0995168686;0.0;-880.18572998;194.760925293;-4.61070013046;0.0;0.0;0.0;8.0;0.0;0.016380328685;-1.46327565176e-07;4.0;0.0;
11.1495342255;0.0335586518049;-880.185302734;194.760925293;-5.00515056956e-07;0.00932184793055;1.50418543399e-07;0.0;8.0;0.0;0.0;-1.48241781517e-07;4.0;0.0;
11.1995210648;0.0335586518049;-880.184814453;194.760925293;-5.00515056956e-07;0.00932184793055;1.518342998e-07;0.0;8.0;0.0;0.0;-1.49434882246e-07;4.0;0.0;
11.2495269775;0.0335586518049;-880.184326172;194.760925293;-5.00515056956e-07;0.00932184793055;1.53486055865e-07;0.0;8.0;0.0;0.0;-1.50826778622e-07;4.0;0.0;
11.2995166779;0.0335586480796;-880.183898926;194.760925293;-5.00515056956e-07;0.00932184699923;1.54900064331e-07;0.0;8.0;0.0;0.0;-1.52018373001e-07;4.0;0.0;
11.3495235443;0.0335586480796;-880.183410645;194.760925293;-5.00515056956e-07;0.00932184699923;1.56315309141e-07;0.0;8.0;0.0;0.0;-1.53211033194e-07;4.0;0.0;
11.3995218277;0.0335586480796;-880.182983398;194.760925293;-5.00515056956e-07;0.00932184699923;1.57731136596e-07;0.0;8.0;0.0;0.0;-1.54404148134e-07;4.0;0.0;
11.4495429993;0.0335586480796;-880.182434082;194.760925293;-5.00515056956e-07;0.00932184699923;1.59383631626e-07;0.0;8.0;0.0;0.0;-1.55796698209e-07;4.0;0.0;
11.4995479584;0.0335586480796;-880.182006836;194.760925293;-5.00515056956e-07;0.00932184699923;1.60798421689e-07;0.0;8.0;0.0;0.0;-1.56988960498e-07;4.0;0.0;
11.5495424271;0.0335586480796;-880.18157959;194.760925293;-5.00515056956e-07;0.00932184699923;1.62213808608e-07;0.0;8.0;0.0;0.0;-1.58181705956e-07;4.0;0.0;
11.5995321274;0.0335586480796;-880.181091309;194.760925293;-5.00515056956e-07;0.00932184699923;1.63628016026e-07;0.0;8.0;0.0;0.0;-1.59373470865e-07;4.0;0.0;
11.6495418549;0.0;-880.181030273;194.760925293;-3.5617492955e-08;0.0;0.0;0.0;8.0;0.0;0.0;-1.58851520382e-07;4.0;0.0;
11.6995372772;0.0;-880.181030273;194.760925293;-3.5617492955e-08;0.0;0.0;0.0;8.0;0.0;0.0;-1.58851520382e-07;4.0;0.0;
11.7495594025;0.0;-880.181030273;194.760925293;-3.5617492955e-08;0.0;0.0;0.0;8.0;0.0;0.0;-1.58851520382e-07;4.0;0.0;
11.7995424271;0.0;-880.181030273;194.760925293;-3.5617492955e-08;0.0;0.0;0.0;8.0;0.0;0.0;-1.58851520382e-07;4.0;0.0;
11.8495445251;0.0;-880.181030273;194.760925293;-3.5617492955e-08;0.0;0.0;0.0;8.0;0.0;0.0;-1.58851520382e-07;4.0;0.0;
11.8995485306;0.0;-880.181030273;194.760925293;-3.5617492955e-08;0.0;0.0;0.0;8.0;0.0;0.0;-1.58851520382e-07;4.0;0.0;
11.949555397;0.0;-880.181030273;194.760925293;-3.5617492955e-08;0.0;0.0;0.0;8.0;0.0;0.0;-1.58851520382e-07;4.0;0.0;
11.9995546341;0.0;-880.181030273;194.760925293;-3.5617492955e-08;0.0;0.0;0.0;8.0;0.0;0.0;-1.58851520382e-07;4.0;0.0;
12.0495615005;0.0;-880.181030273;194.760925293;-3.5617492955e-08;0.0;0.0;0.0;8.0;0.0;0.0;-1.58851520382e-07;4.0;0.0;
12.0995597839;0.0;-880.181030273;194.760925293;-3.5617492955e-08;0.0;0.0;0.0;8.0;0.0;0.0;-1.58851520382e-07;4.0;0.0;
12.1495666504;0.0;-880.181030273;194.760925293;-3.5617492955e-08;0.0;0.0;0.0;8.0;0.0;0.0;-1.58851520382e-07;4.0;0.0;
12.1995639801;0.0;-880.181030273;194.760925293;-3.5617492955e-08;0.0;0.0;0.0;8.0;0.0;0.0;-1.58851520382e-07;4.0;0.0;
12.2495718002;0.0;-880.181030273;194.760925293;-3.5617492955e-08;0.0;0.0;0.0;8.0;0.0;0.0;-1.58851520382e-07;4.0;0.0;
12.2995710373;0.0;-880.181030273;194.760925293;-3.5617492955e-08;0.0;0.0;0.0;8.0;0.0;0.0;-1.58851520382e-07;4.0;0.0;
12.3495903015;0.0;-880.181030273;194.760925293;-3.5617492955e-08;0.0;0.0;0.0;8.0;0.0;0.0;-1.58851520382e-07;4.0;0.0;
12.3995800018;0.0;-880.181030273;194.760925293;-3.5617492955e-08;0.0;0.0;0.0;8.0;0.0;0.0;-1.58851520382e-07;4.0;0.0;
12.4495849609;0.0;-880.181030273;194.760925293;-3.5617492955e-08;0.0;0.0;0.0;8.0;0.0;0.0;-1.58851520382e-07;4.0;0.0;
12.499584198;0.0;-880.181030273;194.760925293;-3.5617492955e-08;0.0;0.0;0.0;8.0;0.0;0.0;-1.58851520382e-07;4.0;0.0;
12.5496015549;0.0;-880.181030273;194.760925293;-3.5617492955e-08;0.0;0.0;0.0;8.0;0.0;0.0;-1.58851520382e-07;4.0;0.0;
12.5995845795;0.0;-880.181030273;194.760925293;-3.5617492955e-08;0.0;0.0;0.0;8.0;0.0;0.0;-1.58851520382e-07;4.0;0.0;
12.6496067047;0.0336886271834;-880.180541992;194.760925293;-4.96928350913e-07;0.00935795158148;1.65987188439e-07;0.0;8.0;0.0;0.0;-1.60819340067e-07;4.0;0.0;
12.6995916367;0.0336886271834;-880.180114746;194.760925293;-4.96928350913e-07;0.00935795158148;1.67411698726e-07;0.0;8.0;0.0;0.0;-1.62015140859e-07;4.0;0.0;
12.7496118546;0.0336886271834;-880.1796875;194.760925293;-4.96928350913e-07;0.00935795158148;1.68837956949e-07;0.0;8.0;0.0;0.0;-1.63212391158e-07;4.0;0.0;
12.7995958328;0.0336886271834;-880.179199219;194.760925293;-4.96928350913e-07;0.00935795158148;1.70264641497e-07;0.0;8.0;0.0;0.0;-1.64410010939e-07;4.0;0.0;
12.8496007919;0.0336886271834;-880.178710938;194.760925293;-4.96928350913e-07;0.00935795158148;1.71929215753e-07;0.0;8.0;0.0;0.0;-1.65807335861e-07;4.0;0.0;
12.899605751;0.0336886271834;-880.178222656;194.760925293;-4.96928350913e-07;0.00935795158148;1.73354294475e-07;0.0;8.0;0.0;0.0;-1.67003619822e-07;4.0;0.0;
12.9496231079;0.0336886271834;-880.17779541;194.760925293;-4.96928350913e-07;0.00935795158148;1.74780893758e-07;0.0;8.0;0.0;0.0;-1.68201140127e-07;4.0;0.0;
12.9996070862;0.0336886271834;-880.177368164;194.760925293;-4.96928350913e-07;0.00935795158148;1.762073083e-07;0.0;8.0;0.0;0.0;-1.69398546745e-07;4.0;0.0;
13.0496292114;0.0336886271834;-880.176818848;194.760925293;-4.96928350913e-07;0.00935795158148;1.77872976792e-07;0.0;8.0;0.0;0.0;-1.70796781163e-07;4.0;0.0;
13.099612236;0.0;-880.176818848;194.760925293;-1.13981411687e-06;0.0;0.0;0.0;8.0;0.0;0.0;-1.69961978713e-07;4.0;0.0;
13.1496200562;0.0;-880.176818848;194.760925293;-5.0646381311e-08;0.0;0.0;0.0;8.0;0.0;0.0;-1.69961978713e-07;4.0;0.0;
13.1996183395;0.0;-880.176818848;194.760925293;-5.0646381311e-08;0.0;0.0;0.0;8.0;0.0;0.0;-1.69961978713e-07;4.0;0.0;
13.249625206;0.0;-880.176818848;194.760925293;-5.0646381311e-08;0.0;0.0;0.0;8.0;0.0;0.0;-1.69961978713e-07;4.0;0.0;
13.2996234894;0.0;-880.176818848;194.760925293;-5.0646381311e-08;0.0;0.0;0.0;8.0;0.0;0.0;-1.69961978713e-07;4.0;0.0;
13.3496255875;0.0;-880.176818848;194.760925293;-5.0646381311e-08;0.0;0.0;0.0;8.0;0.0;0.0;-1.69961978713e-07;4.0;0.0;
13.3996400833;0.0;-880.176818848;194.760925293;-5.0646381311e-08;0.0;0.0;0.0;8.0;0.0;0.0;-1.69961978713e-07;4.0;0.0;
13.4496479034;0.0;-880.176818848;194.760925293;-5.0646381311e-08;0.0;0.0;0.0;8.0;0.0;0.0;-1.69961978713e-07;4.0;0.0;
13.4996795654;0.0;-880.176818848;194.760925293;-5.0646381311e-08;0.0;0.0;0.0;8.0;0.0;0.0;-1.69961978713e-07;4.0;0.0;
13.5496454239;0.0;-880.176818848;194.760925293;-5.0646381311e-08;0.0;0.0;0.0;8.0;0.0;0.0;-1.69961978713e-07;4.0;0.0;
13.599647522;0.0;-880.176818848;194.760925293;-5.0646381311e-08;0.0;0.0;0.0;8.0;0.0;0.0;-1.69961978713e-07;4.0;0.0;
