Time;Speed;Position X;Position Y;Acceleration X;Speed X;Speed Y;Collision State;Road Identifier;Brake Force;Lane Number;Trip Meter;
0.0499719753861;0.0;15.2142095566;-1.75;0.0;0.0;0.0;0.0;0.0;0.0;3.0;0.0;
0.0999743714929;0.320405095816;15.2169055939;-1.75;1.64515376091;0.08900141716;-3.64917298157e-07;0.0;0.0;0.0;3.0;0.0;
0.14997766912;0.596659660339;15.2245721817;-1.75;1.38947379589;0.165738791227;-3.60017395451e-07;0.0;0.0;0.0;3.0;0.0101278638467;
0.199999034405;0.824448287487;15.2360696793;-1.75;1.17909622192;0.229013413191;-2.12300790281e-07;0.0;0.0;0.0;3.0;0.0143648888916;
0.249971911311;1.02902305126;15.2505645752;-1.75;11.0483837128;0.285839736462;-5.9469822844e-08;0.0;0.0;0.0;3.0;0.0171471089125;
0.299974620342;1.20561957359;15.2675132751;-1.75;11.101518631;0.334894329309;1.18695382412e-07;0.0;0.0;0.0;3.0;0.018954295665;
0.349977910519;1.36416554451;15.2864665985;-1.75;11.1992416382;0.378934860229;1.27691052398e-07;0.0;0.0;0.0;3.0;0.0201361272484;
0.399985730648;1.51147317886;15.3069972992;-1.75;11.41061306;0.419853657484;-4.79957096289e-09;0.0;0.0;0.0;3.0;0.0209130104631;
0.449987530708;1.64769101143;15.328830719;-1.75;11.1566257477;0.457691937685;1.7224024873e-08;0.0;0.0;0.0;3.0;0.0218406897038;
0.50002938509;1.77560329437;15.35201931;-1.75;11.0670251846;0.493223130703;5.99242824251e-08;0.0;0.0;0.0;3.0;0.0232664234936;
0.54997754097;1.89988160133;15.3767995834;-1.75;11.0519542694;0.527744889259;1.30648984964e-07;0.0;0.0;0.0;3.0;0.0249344706535;
0.599999189377;2.02242541313;15.4033708572;-1.75;10.988530159;0.561784863472;2.15663618519e-07;0.0;0.0;0.0;3.0;0.0266838502139;
0.650001883507;2.14372062683;15.4318141937;-1.75;10.9975805283;0.595477938652;2.52189266803e-07;0.0;0.0;0.0;3.0;0.0284874401987;
0.699984133244;2.26386904716;15.4621162415;-1.75;11.0523176193;0.62885248661;2.32303605685e-07;0.0;0.0;0.0;3.0;0.0303091295063;
0.749996781349;2.3830010891;15.4942073822;-1.75;11.0764284134;0.661944746971;2.02898888801e-07;0.0;0.0;0.0;3.0;0.0320916138589;
0.799997925758;2.5007982254;15.5280065536;-1.75;11.0700950623;0.694666206837;1.51073706434e-07;0.0;0.0;0.0;3.0;0.0337997861207;
0.84999614954;2.61702823639;15.5634508133;-1.75;11.0623350143;0.726952314377;1.17578679237e-07;0.0;0.0;0.0;3.0;0.0354460813105;
0.900002717972;2.73161888123;15.6005010605;-1.75;11.0543613434;0.758783042431;6.93576396316e-08;0.0;0.0;0.0;3.0;0.0370518267155;
0.9499964118;2.84437870979;15.6391239166;-1.75;11.0463228226;0.790105223656;5.78617331826e-08;0.0;0.0;0.0;3.0;0.0386245027184;
1.00000691414;2.95506119728;15.6792879105;-1.75;11.0379524231;0.82085031271;4.03558253481e-08;0.0;0.0;0.0;3.0;0.0401648543775;
1.05000567436;3.06344509125;15.720957756;-1.75;11.0295152664;0.850956976414;2.89479125115e-08;0.0;0.0;0.0;3.0;0.0416695177555;
1.1000225544;3.16924476624;15.7640943527;-1.75;11.0227155685;0.880345761776;1.93350455646e-08;0.0;0.0;0.0;3.0;0.0431370921433;
1.15001356602;3.27218532562;15.8086652756;-1.75;11.0166521072;0.908940374851;2.21454961036e-08;0.0;0.0;0.0;3.0;0.0445705763996;
1.20001745224;3.37202382088;15.8546352386;-1.75;11.0113039017;0.936673283577;-7.24075777114e-09;0.0;0.0;0.0;3.0;0.0459703840315;
1.25002014637;3.46856999397;15.9019680023;-1.75;11.0026798248;0.963491678238;-1.70224401241e-09;0.0;0.0;0.0;3.0;0.0473331809044;
1.30002164841;3.56166148186;15.9506216049;-1.75;10.999712944;0.989350438118;8.75339445372e-09;0.0;0.0;0.0;3.0;0.0486534126103;
1.35003519058;3.65148854256;16.0005474091;-1.75;11.0131692886;1.01430237293;8.79604300508e-09;0.0;0.0;0.0;3.0;0.0499255470932;
1.40002548695;3.73877716064;16.0517024994;-1.75;11.0322351456;1.0385491848;8.64185079053e-09;0.0;0.0;0.0;3.0;0.0511552914977;
1.45002520084;3.82421207428;16.104057312;-1.75;11.0471792221;1.06228113174;8.6178530978e-09;0.0;0.0;0.0;3.0;0.0523544177413;
1.50006306171;3.90839910507;16.1575908661;-1.75;11.0583162308;1.08566641808;-1.15721532357e-09;0.0;0.0;0.0;3.0;0.0535332746804;
1.55009019375;3.99185109138;16.2122898102;-1.75;11.0653715134;1.10884749889;-5.02987096418e-10;0.0;0.0;0.0;3.0;0.0546998865902;
1.60004615784;4.07499790192;16.2681503296;-1.75;11.0679998398;1.13194382191;-2.44709918995e-09;0.0;0.0;0.0;3.0;0.0558605417609;
1.6500287056;4.15815925598;16.325170517;-1.75;11.0669517517;1.15504419804;8.43799163874e-09;0.0;0.0;0.0;3.0;0.0570201128721;
1.70003688335;4.24156093597;16.3833522797;-1.75;11.0615606308;1.17821133137;4.94450480559e-09;0.0;0.0;0.0;3.0;0.0581818409264;
1.75004220009;4.32538700104;16.4427013397;-1.75;11.0516891479;1.20149636269;8.46335712623e-09;0.0;0.0;0.0;3.0;0.0593482404947;
1.80004680157;4.40979194641;16.5032215118;-1.75;11.038025856;1.22494220734;8.19922529871e-09;0.0;0.0;0.0;3.0;0.0605215243995;
1.85004734993;4.49490118027;16.5649261475;-1.75;11.0199985504;1.24858367443;1.31716051399e-08;0.0;0.0;0.0;3.0;0.06170360744;
1.90006089211;4.58082294464;16.6278209686;-1.75;10.9979562759;1.27245080471;-4.44767639385e-10;0.0;0.0;0.0;3.0;0.062896065414;
1.95004403591;4.66764593124;16.6919212341;-1.75;10.9733123779;1.2965682745;7.06335301359e-09;0.0;0.0;0.0;3.0;0.0641002058983;
2.00005531311;4.75544404984;16.7572383881;-1.75;10.9462480545;1.320956707;7.67227170684e-09;0.0;0.0;0.0;3.0;0.0653172209859;
2.05005741119;4.84428071976;16.8237876892;-1.75;10.9172649384;1.34563350677;1.48586369875e-08;0.0;0.0;0.0;3.0;0.066547960043;
2.10005044937;4.93421554565;16.8915805817;-1.75;10.8863344193;1.37061536312;6.25987794933e-09;0.0;0.0;0.0;3.0;0.0677930489182;
2.15004634857;5.02501106262;16.9606323242;-1.75;10.839838028;1.3958363533;7.90573029263e-09;0.0;0.0;0.0;3.0;0.0690529644489;
2.2000644207;5.11548519135;17.0309448242;-1.75;10.7677755356;1.42096805573;1.51194452513e-08;0.0;0.0;0.0;3.0;0.070311255753;
2.2500770092;5.20723390579;17.1025218964;-1.75;10.6842346191;1.44645380974;1.54517056927e-08;0.0;0.0;0.0;3.0;0.0715785101056;
2.30006980896;5.30025672913;17.1753883362;-1.75;10.5887851715;1.47229349613;9.99870675145e-09;0.0;0.0;0.0;3.0;0.0728650018573;
2.35007119179;5.39455890656;17.2495574951;-1.75;10.4817123413;1.49848854542;1.45895997505e-08;0.0;0.0;0.0;3.0;0.0741698667407;
2.40007448196;5.49015188217;17.325050354;-1.75;10.3595409393;1.52504217625;4.20076018415e-09;0.0;0.0;0.0;3.0;0.0754926651716;
2.45007538795;5.58704662323;17.401884079;-1.75;10.2201900482;1.55195736885;8.89803253301e-09;0.0;0.0;0.0;3.0;0.07683339715;
2.50007963181;5.68525505066;17.4800758362;-1.75;10.0606527328;1.57923746109;6.31765217918e-09;0.0;0.0;0.0;3.0;0.0781922265887;
2.55009102821;5.78478956223;17.5596446991;-1.75;9.87622261047;1.60688602924;1.41597649161e-08;0.0;0.0;0.0;3.0;0.0795694291592;
2.60009431839;5.88566112518;17.6406097412;-1.75;9.66026592255;1.63490593433;1.40262157444e-08;0.0;0.0;0.0;3.0;0.0809652805328;
2.65008592606;5.98787689209;17.722990036;-1.75;9.40162754059;1.66329908371;1.38588163168e-08;0.0;0.0;0.0;3.0;0.082379989326;
2.70008540154;6.09143543243;17.806804657;-1.75;9.07707977295;1.69206535816;1.3707251334e-08;0.0;0.0;0.0;3.0;0.083813868463;
2.75010299683;6.19629573822;17.8920707703;-1.75;8.62035274506;1.72119319439;1.35946329749e-08;0.0;0.0;0.0;3.0;0.085267201066;
2.80010342598;6.30106639862;17.978811264;-1.75;6.49906921387;1.75029623508;1.049848386e-08;0.0;0.0;0.0;3.0;0.0867401212454;
2.85009527206;6.40742874146;18.0670452118;-1.75;4.3069691658;1.77984130383;1.31692239336e-08;0.0;0.0;0.0;3.0;0.0882346108556;
2.90008950233;6.51677799225;18.1567935944;-1.75;3.94588470459;1.81021606922;1.32961943677e-08;0.0;0.0;0.0;3.0;0.0897483602166;
2.95010995865;6.6275601387;18.2480754852;-1.75;3.54346966743;1.84098887444;4.64372806874e-09;0.0;0.0;0.0;3.0;0.0912824198604;
3.00010275841;6.73969459534;18.3409137726;-1.75;3.07409906387;1.87213742733;1.28860335735e-08;0.0;0.0;0.0;3.0;0.0928367525339;
3.05009675026;6.85309791565;18.4353218079;-1.75;2.49879908562;1.90363824368;1.2451757847e-08;0.0;0.0;0.0;3.0;0.0944095924497;
3.10010743141;6.96765995026;18.5313224792;-1.75;1.7420078516;1.93546116352;1.59975783731e-08;0.0;0.0;0.0;3.0;0.0959992185235;
3.15009570122;7.08339262009;18.6289272308;-1.75;0.857955038548;1.96760904789;1.19875078752e-08;0.0;0.0;0.0;3.0;0.0976056456566;
3.200111866;7.20096492767;18.7281570435;-1.75;0.660340070724;2.00026798248;1.17483107687e-08;0.0;0.0;0.0;3.0;0.0992297008634;
3.25011467934;7.31992435455;18.8290290833;-1.75;0.664059519768;2.03331232071;1.14414246966e-08;0.0;0.0;0.0;3.0;0.100871652365;
3.30012798309;7.44009590149;18.9315605164;-1.75;0.670507252216;2.06669330597;1.10736886327e-08;0.0;0.0;0.0;3.0;0.10253188014;
3.35011935234;7.56148195267;19.0357704163;-1.75;0.677663981915;2.10041165352;1.42037341888e-08;0.0;0.0;0.0;3.0;0.104210212827;
3.4001326561;7.68409204483;19.1416778564;-1.75;0.685218572617;2.13446998596;1.35178748195e-08;0.0;0.0;0.0;3.0;0.105906262994;
3.45012331009;7.80793428421;19.2492961884;-1.75;0.691323637962;2.16887068748;1.50454066983e-08;0.0;0.0;0.0;3.0;0.107619591057;
3.50012731552;7.93302583694;19.3586463928;-1.75;0.698043465614;2.20361828804;1.80090165003e-08;0.0;0.0;0.0;3.0;0.109349928796;
3.55012059212;8.05937767029;19.4697437286;-1.75;0.705371201038;2.23871612549;1.30914754592e-08;0.0;0.0;0.0;3.0;0.111097209156;
3.60013198853;8.18698883057;19.5826053619;-1.75;0.712444543839;2.27416348457;1.24263808132e-08;0.0;0.0;0.0;3.0;0.112861514091;
3.65013313293;8.31582260132;19.6972484589;-1.75;0.718980371952;2.30995082855;1.49569974184e-08;0.0;0.0;0.0;3.0;0.114642620087;
3.70014715195;8.4458398819;19.8136882782;-1.75;0.725662946701;2.34606671333;1.18341212385e-08;0.0;0.0;0.0;3.0;0.116440095007;
3.75014972687;8.57700634003;19.9319419861;-1.75;0.731927871704;2.38250184059;1.52003156728e-08;0.0;0.0;0.0;3.0;0.118253573775;
3.80014109612;8.70930194855;20.0520248413;-1.75;0.738000154495;2.41925048828;1.06216173634e-08;0.0;0.0;0.0;3.0;0.120082899928;
3.8501431942;8.84270954132;20.1739521027;-1.75000011921;0.744164288044;2.45630812645;9.97499594035e-09;0.0;0.0;0.0;3.0;0.121927909553;
3.90015697479;8.97722148895;20.2977409363;-1.75000011921;0.750400066376;2.49367260933;1.20269705306e-08;0.0;0.0;0.0;3.0;0.123788498342;
3.95015954971;9.11283302307;20.4234046936;-1.75000011921;0.756451368332;2.53134250641;1.72288228129e-08;0.0;0.0;0.0;3.0;0.125664547086;
4.00015211105;9.24954223633;20.5509605408;-1.75000011921;0.762438356876;2.56931734085;2.03467021009e-08;0.0;0.0;0.0;3.0;0.12755599618;
4.05015230179;9.38735294342;20.6804237366;-1.75000011921;0.768730580807;2.60759806633;1.96387102136e-08;0.0;0.0;0.0;3.0;0.129462748766;
4.1001458168;9.52626895905;20.8118095398;-1.75000011921;0.774868071079;2.64618587494;1.6615659959e-08;0.0;0.0;0.0;3.0;0.131384834647;
4.15015745163;9.66629695892;20.9451313019;-1.75000011921;0.780925869942;2.68508243561;1.12764739768e-08;0.0;0.0;0.0;3.0;0.133322298527;
4.20016098022;9.8074426651;21.080406189;-1.75000011921;0.787176191807;2.72428965569;1.01340313918e-08;0.0;0.0;0.0;3.0;0.135275214911;
4.25017261505;9.95114517212;21.2190322876;-1.75000011921;0.793593406677;2.76420712471;1.17217684448e-08;0.0;0.0;0.0;3.0;0.138626158237;
4.30016565323;10.0931310654;21.3568782806;-1.75000011921;0.799846947193;2.80364751816;1.23260992524e-08;0.0;0.0;0.0;3.0;0.137845575809;
4.35015821457;10.2376937866;21.4981060028;-1.75000011921;0.806406021118;2.8438038826;1.14662848105e-08;0.0;0.0;0.0;3.0;0.141228213906;
4.40016031265;10.3848800659;21.6427936554;-1.75000011921;0.812744855881;2.88468885422;1.24895098708e-08;0.0;0.0;0.0;3.0;0.144687190652;
4.45017147064;10.5317897797;21.7880897522;-1.75000011921;0.819334626198;2.92549729347;1.37220146357e-08;0.0;0.0;0.0;3.0;0.145297437906;
4.50016546249;10.6784029007;21.9339542389;-1.75000011921;0.826152145863;2.96622300148;2.02866985433e-08;0.0;0.0;0.0;3.0;0.145862922072;
4.55016851425;10.8291931152;22.0848503113;-1.75000011921;0.832777678967;3.00810933113;1.5031760725e-08;0.0;0.0;0.0;3.0;0.150896057487;
4.6001791954;10.9797182083;22.2363452911;-1.75000011921;0.839783072472;3.04992175102;1.63913469464e-08;0.0;0.0;0.0;3.0;0.151495069265;
4.65017271042;11.1314811707;22.3899402618;-1.75000011921;0.846672296524;3.09207820892;1.78516010862e-08;0.0;0.0;0.0;3.0;0.153594836593;
4.70018100739;11.2845010757;22.5456523895;-1.75000011921;0.853686451912;3.13458371162;1.51845913621e-08;0.0;0.0;0.0;3.0;0.15571193397;
4.75021505356;11.4387969971;22.7034988403;-1.75000011921;0.860722959042;3.17744374275;1.30395836351e-08;0.0;0.0;0.0;3.0;0.157846614718;
4.80018949509;11.5943899155;22.8634967804;-1.75000011921;0.867977142334;3.22066378593;1.51912775692e-08;0.0;0.0;0.0;3.0;0.159999161959;
4.85019159317;11.7513017654;23.0256671906;-1.75000011921;0.876057863235;3.26425051689;1.64595768126e-08;0.0;0.0;0.0;3.0;0.162169873714;
4.90020036697;11.9095506668;23.1900253296;-1.75000011921;0.88279569149;3.30820846558;7.77286413012e-09;0.0;0.0;0.0;3.0;0.16435906291;
4.95019626617;12.0691652298;23.3565940857;-1.75000011921;0.890441894531;3.35254597664;1.49480321454e-08;0.0;0.0;0.0;3.0;0.166567057371;
5.00020551682;12.2301702499;23.5253868103;-1.75000011921;0.898473680019;3.39726948738;1.38172868702e-08;0.0;0.0;0.0;3.0;0.168794184923;
5.05018854141;12.3925905228;23.696428299;-1.75000011921;0.906445980072;3.44238615036;7.62661311882e-09;0.0;0.0;0.0;3.0;0.171040818095;
5.10019111633;12.5564517975;23.8697357178;-1.75000011921;0.914454698563;3.48790335655;6.03662853038e-09;0.0;0.0;0.0;3.0;0.173307314515;
5.15021705627;12.721786499;24.0453300476;-1.75000011921;0.922593653202;3.53382945061;7.29641280728e-09;0.0;0.0;0.0;3.0;0.175594091415;
5.20020914078;12.8886232376;24.2232303619;-1.75000011921;0.931029677391;3.58017301559;7.03402713853e-09;0.0;0.0;0.0;3.0;0.177901536226;
5.25021696091;13.0569944382;24.4034614563;-1.75000011921;0.939585089684;3.626942873;8.8191516312e-09;0.0;0.0;0.0;3.0;0.180230110884;
5.30021381378;13.226934433;24.5860404968;-1.75000011921;0.948392093182;3.67414832115;1.17047376236e-08;0.0;0.0;0.0;3.0;0.18258023262;
5.35021591187;13.3984775543;24.7709941864;-1.75000011921;0.957603633404;3.72179937363;1.16255511884e-08;0.0;0.0;0.0;3.0;0.184952422976;
5.40022420883;13.5716629028;24.9583415985;-1.75000011921;0.966695904732;3.76990628242;1.2263877025e-08;0.0;0.0;0.0;3.0;0.18734715879;
5.45022058487;13.7465267181;25.1481056213;-1.75000011921;0.976307809353;3.81847953796;1.16881206935e-08;0.0;0.0;0.0;3.0;0.189764991403;
5.500228405;13.9231109619;25.3403129578;-1.75000011921;0.985981881618;3.86753082275;4.40864722506e-09;0.0;0.0;0.0;3.0;0.192206457257;
5.55021715164;14.1014585495;25.5349845886;-1.75000011921;0.995562314987;3.91707181931;2.02810368499e-09;0.0;0.0;0.0;3.0;0.1946721524;
5.60023403168;14.281537056;25.7321472168;-1.75;1.00524067879;3.96709370613;4.22737134187e-09;0.0;0.0;0.0;3.0;0.19716219604;
5.65022945404;14.463350296;25.9318218231;-1.75;1.01505684853;4.01759719849;4.3083216994e-09;0.0;0.0;0.0;3.0;0.199676007032;
5.70023441315;14.6469488144;26.1340370178;-1.75;1.02512633801;4.0685968399;8.00632093956e-09;0.0;0.0;0.0;3.0;0.202214196324;
5.75024032593;14.8323860168;26.3388137817;-1.75;1.0355027914;4.12010717392;5.44610623265e-09;0.0;0.0;0.0;3.0;0.204777613282;
5.80024242401;15.0197162628;26.5461807251;-1.75;1.04600024223;4.17214345932;6.74398448197e-09;0.0;0.0;0.0;3.0;0.207367062569;
5.85028362274;15.2089967728;26.7561645508;-1.75;1.05708265305;4.22472143173;6.23830009872e-09;0.0;0.0;0.0;3.0;0.209983333945;
5.90024137497;15.4002895355;26.9687919617;-1.75;1.06851923466;4.27785825729;3.02598324176e-09;0.0;0.0;0.0;3.0;0.212627261877;
5.95023584366;15.5936555862;27.184091568;-1.75;1.08024656773;4.33157110214;6.24902685153e-10;0.0;0.0;0.0;3.0;0.215299636126;
6.00025701523;15.7891645432;27.4020938873;-1.75;1.09215521812;4.38587903976;2.48855291929e-09;0.0;0.0;0.0;3.0;0.218001380563;
6.05024766922;15.9868860245;27.6228256226;-1.75;1.10470879078;4.44080162048;4.56438359331e-10;0.0;0.0;0.0;3.0;0.22073340416;
6.10024213791;16.1868953705;27.8463230133;-1.75;1.11765789986;4.49635982513;2.79585998797e-09;0.0;0.0;0.0;3.0;0.223496720195;
6.15026330948;16.3892707825;28.0726146698;-1.75;1.13104128838;4.55257511139;-2.03929761966e-10;0.0;0.0;0.0;3.0;0.226292416453;
6.20026683807;16.5940971375;28.3017368317;-1.75;1.14479744434;4.60947132111;2.49766651805e-09;0.0;0.0;0.0;3.0;0.229121625423;
6.25024986267;16.8014659882;28.5337219238;-1.75;1.15923559666;4.66707372665;2.31352714763e-09;0.0;0.0;0.0;3.0;0.231985569;
6.3002705574;17.0114688873;28.7686080933;-1.75;1.17409026623;4.72540807724;-2.25963092682e-09;0.0;0.0;0.0;3.0;0.234885528684;
6.35026216507;17.2241897583;29.0064315796;-1.75;1.18931591511;4.78449726105;1.41937950282e-09;0.0;0.0;0.0;3.0;0.237822800875;
6.40026569366;17.4396686554;29.2472286224;-1.75;1.20480275154;4.84435224533;1.41525668962e-09;0.0;0.0;0.0;3.0;0.240798130631;
6.45027732849;17.6579494476;29.4910411835;-1.75;1.22055339813;4.90498590469;1.42228318012e-09;0.0;0.0;0.0;3.0;0.243811964989;
6.50028038025;17.8790950775;29.7379055023;-1.75;1.23666417599;4.96641540527;-2.24092056023e-09;0.0;0.0;0.0;3.0;0.246865049005;
6.55028247833;18.103181839;29.987865448;-1.75;1.25319051743;5.02866172791;-2.5833595263e-09;0.0;0.0;0.0;3.0;0.249958410859;
6.60028553009;18.3302898407;30.2409572601;-1.75;1.27035176754;5.09174728394;-6.77961642381e-09;0.0;0.0;0.0;3.0;0.253093183041;
6.65027713776;18.5605106354;30.4972286224;-1.75;1.28790569305;5.15569734573;-3.30008442795e-09;0.0;0.0;0.0;3.0;0.256270647049;
6.70028972626;18.7939376831;30.7567195892;-1.75;1.30589306355;5.22053813934;-3.4903857582e-09;0.0;0.0;0.0;3.0;0.259492099285;
6.75028133392;19.030670166;31.0194797516;-1.75;1.32453370094;5.28629732132;-6.94390145384e-09;0.0;0.0;0.0;3.0;0.262758910656;
6.80029582977;19.2708072662;31.2855510712;-1.75;1.34373867512;5.35300207138;-4.66522109832e-09;0.0;0.0;0.0;3.0;0.266072422266;
6.85028553009;19.5144519806;31.5549850464;-1.75;1.36348009109;5.42068099976;-5.12812325937e-09;0.0;0.0;0.0;3.0;0.269434034824;
6.90028238297;19.7616996765;31.8278312683;-1.75;1.38384759426;5.48936128616;-1.53811119397e-09;0.0;0.0;0.0;3.0;0.272845119238;
6.95029115677;20.0126552582;32.1041374207;-1.75;1.4046792984;5.559071064;2.83539636214e-10;0.0;0.0;0.0;3.0;0.276307016611;
7.00030469894;20.2674102783;32.3839607239;-1.75;1.42607939243;5.62983608246;-3.92826526863e-09;0.0;0.0;0.0;3.0;0.279821097851;
7.05028915405;20.526058197;32.6673469543;-1.75;1.44796192646;5.70168304443;-6.11308426102e-09;0.0;0.0;0.0;3.0;0.283388614655;
7.10030937195;20.7886886597;32.9543571472;-1.75;1.47028911114;5.77463579178;-7.34922123158e-09;0.0;0.0;0.0;3.0;0.287010848522;
7.15031099319;21.0553817749;33.2450485229;-1.75;1.49304020405;5.84871721268;-7.68167307541e-09;0.0;0.0;0.0;3.0;0.290688961744;
7.20030593872;21.3262138367;33.5394706726;-1.75;1.51627326012;5.92394828796;-5.5936890675e-09;0.0;0.0;0.0;3.0;0.294424057007;
7.25030517578;21.6012496948;33.837688446;-1.75;1.53985249996;6.00034713745;-9.22490972499e-09;0.0;0.0;0.0;3.0;0.298217058182;
7.3003077507;21.8805503845;34.1397590637;-1.75;1.56374013424;6.07793092728;-7.48190931432e-09;0.0;0.0;0.0;3.0;0.302068889141;
7.35031270981;22.1641674042;34.4457359314;-1.75;1.58782625198;6.15671300888;-9.24739840258e-09;0.0;0.0;0.0;3.0;0.305980235338;
7.40031385422;22.4521331787;34.7556877136;-1.75;1.61205053329;6.23670387268;-3.54799123414e-09;0.0;0.0;0.0;3.0;0.309951752424;
7.45032548904;22.7444782257;35.0696716309;-1.75;1.63629806042;6.31791067123;-5.9987841361e-09;0.0;0.0;0.0;3.0;0.313983798027;
7.50032138824;23.0412158966;35.3877487183;-1.75;1.66072666645;6.40033769608;-5.99193983319e-09;0.0;0.0;0.0;3.0;0.318076699972;
7.5503115654;23.3423423767;35.709980011;-1.75;1.68503987789;6.48398399353;-8.22909385079e-09;0.0;0.0;0.0;3.0;0.322230488062;
7.60032272339;23.6478462219;36.0364265442;-1.75;1.70944273472;6.56884622574;-7.16709758208e-09;0.0;0.0;0.0;3.0;0.326445072889;
7.65032672882;23.9576969147;36.3671455383;-1.75;1.73338055611;6.65491580963;-4.36953317973e-09;0.0;0.0;0.0;3.0;0.330720126629;
7.70033788681;24.2718486786;36.7022018433;-1.75;1.75732767582;6.74218034744;-6.67597266357e-09;0.0;0.0;0.0;3.0;0.335055112839;
7.75032949448;24.5902423859;37.0416488647;-1.75;1.7805980444;6.83062267303;-1.92213489569e-09;0.0;0.0;0.0;3.0;0.339449256659;
7.80033540726;24.9127941132;37.3855514526;-1.75;1.80348598957;6.92022037506;-6.12825656887e-09;0.0;0.0;0.0;3.0;0.343901604414;
7.85033416748;25.2394123077;37.7339630127;-1.75;1.82573533058;7.01094770432;-9.30686550049e-09;0.0;0.0;0.0;3.0;0.348410904408;
7.90034770966;25.569984436;38.0869369507;-1.75;1.84734070301;7.10277318954;-1.10148041799e-08;0.0;0.0;0.0;3.0;0.352975696325;
7.95033359528;25.904378891;38.4445343018;-1.75;1.86824548244;7.19566059113;-9.94710980251e-09;0.0;0.0;0.0;3.0;0.35759434104;
8.00035190582;26.2424526215;38.8067970276;-1.75;1.88826692104;7.28957033157;-6.44905417957e-09;0.0;0.0;0.0;3.0;0.3622649014;
8.05034351349;26.5840454102;39.1737823486;-1.75;1.90718078613;7.38445711136;-4.81958117859e-09;0.0;0.0;0.0;3.0;0.366985201836;
8.10034942627;26.9289779663;39.5455360413;-1.75;1.92536473274;7.48027181625;-4.8290469401e-09;0.0;0.0;0.0;3.0;0.371752917767;
8.15035915375;27.2770633698;39.9221000671;-1.75;1.94227516651;7.57696199417;-3.61780605473e-09;0.0;0.0;0.0;3.0;0.376565515995;
8.20035266876;27.6280937195;40.3035202026;-1.75;1.95803296566;7.67447042465;-5.48977263648e-09;0.0;0.0;0.0;3.0;0.381420224905;
8.25035572052;27.9818744659;40.6898345947;-1.75;1.97312867641;7.77274274826;-5.48899459218e-09;0.0;0.0;0.0;3.0;0.386314243078;
8.30035495758;28.3382606506;41.0810813904;-1.75;1.98692941666;7.87173891068;-5.03481256686e-09;0.0;0.0;0.0;3.0;0.391245245934;
8.35035800934;28.6971035004;41.4772911072;-1.75;2.0005543232;7.97141742706;-5.28552490664e-09;0.0;0.0;0.0;3.0;0.396211415529;
8.40036296844;29.0582370758;41.8785018921;-1.75;2.01233553886;8.07173252106;-5.51685275241e-09;0.0;0.0;0.0;3.0;0.401210606098;
8.45036220551;29.4214859009;42.2847442627;-1.75;2.02375864983;8.17263507843;-6.26831386796e-09;0.0;0.0;0.0;3.0;0.40624037385;
8.50036525726;29.7866649628;42.6960411072;-1.75;2.03382730484;8.27407360077;-3.36719230276e-09;0.0;0.0;0.0;3.0;0.411298185587;
8.55036258698;30.1535987854;43.1124229431;-1.75;2.04314136505;8.37599945068;-2.07239692074e-09;0.0;0.0;0.0;3.0;0.41638147831;
8.60040283203;30.5221042633;43.533908844;-1.75;2.05133223534;8.47836208344;-1.13358566978e-09;0.0;0.0;0.0;3.0;0.421487718821;
8.6504201889;30.8920021057;43.9605255127;-1.75;2.0589427948;8.58111190796;-1.78623305036e-09;0.0;0.0;0.0;3.0;0.426614463329;
8.70036888123;31.2631206512;44.3922843933;-1.75;2.06586408615;8.68420028687;-4.27925428426e-09;0.0;0.0;0.0;3.0;0.431759297848;
8.75038814545;31.6352996826;44.8292045593;-1.75;2.07132124901;8.78758335114;-1.67441738252e-09;0.0;0.0;0.0;3.0;0.436919897795;
8.80038070679;32.0083732605;45.2712974548;-1.75;2.07513546944;8.89121437073;-4.01958555329e-09;0.0;0.0;0.0;3.0;0.442094057798;
8.85038471222;32.3821868896;45.7185783386;-1.75;2.07865905762;8.99505233765;-3.62546082044e-09;0.0;0.0;0.0;3.0;0.447279572487;
8.90039539337;32.7567329407;46.1710548401;-1.75;2.08120799065;9.09909248352;-2.49726239687e-09;0.0;0.0;0.0;3.0;0.45247516036;
8.95038795471;33.1316757202;46.6287384033;-1.75;2.08340191841;9.20324325562;1.91594429211e-09;0.0;0.0;0.0;3.0;0.457685649395;
9.00038433075;33.5070877075;47.091632843;-1.75;2.08568811417;9.30752468109;1.33903832467e-09;0.0;0.0;0.0;3.0;0.462895184755;
9.05042171478;33.8828544617;47.5597419739;-1.75;2.08739924431;9.41190433502;4.4250256237e-11;0.0;0.0;0.0;3.0;0.468108713627;
9.10039520264;34.258846283;48.0330696106;-1.75;2.0878944397;9.51634597778;1.52792734021e-09;0.0;0.0;0.0;3.0;0.473326981068;
9.15041446686;34.6350364685;48.5116157532;-1.75;2.08122444153;9.62084388733;-8.18641598954e-10;0.0;0.0;0.0;3.0;0.478548228741;
9.20039558411;35.0110931396;48.995388031;-1.75;2.08809661865;9.7253036499;3.09775849416e-09;0.0;0.0;0.0;3.0;0.483770251274;
9.25040245056;35.3870239258;49.4843788147;-1.75;2.08659696579;9.8297290802;3.27444449333e-09;0.0;0.0;0.0;3.0;0.488991588354;
9.30040454865;35.7627105713;49.9785919189;-1.75;2.0848865509;9.93408679962;1.60059399068e-09;0.0;0.0;0.0;3.0;0.494210600853;
9.35039615631;36.1381721497;50.4780158997;-1.75;2.07929992676;10.0383815765;2.7892663873e-11;0.0;0.0;0.0;3.0;0.499426066875;
9.40041637421;36.5131072998;50.9826545715;-1.75;2.08057785034;10.1425294876;-2.15083145738e-10;0.0;0.0;0.0;3.0;0.504636585712;
9.45041751862;36.8875389099;51.4924926758;-1.75;2.077221632;10.2465381622;-1.70315328507e-09;0.0;0.0;0.0;3.0;0.509840428829;
9.50042057037;37.2614898682;52.0075302124;-1.75;2.06998133659;10.3504142761;-2.45236053686e-09;0.0;0.0;0.0;3.0;0.515036821365;
9.5504322052;37.6346817017;52.5277557373;-1.75;2.07010221481;10.4540777206;-5.63807223131e-10;0.0;0.0;0.0;3.0;0.520224511623;
9.60042572021;38.0071334839;53.0531578064;-1.75;2.06559824944;10.5575370789;2.79847811591e-10;0.0;0.0;0.0;3.0;0.525402605534;
9.65042686462;38.3789024353;53.5837287903;-1.75;2.0614824295;10.6608066559;3.60878327221e-09;0.0;0.0;0.0;3.0;0.530570209026;
9.70046520233;38.7497138977;54.1194534302;-1.75;2.0560977459;10.7638092041;4.49014603277e-09;0.0;0.0;0.0;3.0;0.535726189613;
9.75042724609;39.1197090149;54.6603240967;-1.75;2.05123019218;10.8665857315;4.68601646375e-09;0.0;0.0;0.0;3.0;0.540870070457;
9.80043888092;39.4886245728;55.206325531;-1.75;2.04523348808;10.9690628052;4.66668259591e-09;0.0;0.0;0.0;3.0;0.54600071907;
9.85042190552;39.856628418;55.7574424744;-1.75;2.03973221779;11.0712852478;1.82371706625e-09;0.0;0.0;0.0;3.0;0.551117777824;
9.90042686462;40.2234458923;56.3136634827;-1.75;2.03329873085;11.1731796265;6.38149366683e-10;0.0;0.0;0.0;3.0;0.556220114231;
9.95042705536;40.589263916;56.8749694824;-1.75;2.02698373795;11.2747955322;-2.80675510611e-10;0.0;0.0;0.0;3.0;0.561307489872;
10.0004377365;40.953994751;57.4413490295;-1.75;2.10956668854;11.3761091232;5.28912136311e-10;0.0;0.0;0.0;3.0;0.566378772259;
10.0504417419;41.3172607422;58.0127830505;-1.75;2.01367640495;11.4770174026;1.16433251929e-09;0.0;0.0;0.0;3.0;0.571434020996;
10.1004333496;41.6794776917;58.5892562866;-1.75;2.00691533089;11.5776329041;-5.65290314558e-11;0.0;0.0;0.0;3.0;0.576472222805;
10.1504631042;42.040309906;59.1707458496;-1.75;1.99937486649;11.6778640747;1.5180504076e-10;0.0;0.0;0.0;3.0;0.581493020058;
10.2004966736;42.3999633789;59.7572441101;-1.75;1.9922118187;11.7777681351;-5.55549828363e-10;0.0;0.0;0.0;3.0;0.586496174335;
10.2504501343;42.7582817078;60.3487243652;-1.75;1.98626756668;11.8773002625;2.76952150102e-09;0.0;0.0;0.0;3.0;0.591481029987;
10.3004627228;43.1152687073;60.9451713562;-1.75;1.9672267437;11.9764633179;-7.90028820141e-10;0.0;0.0;0.0;3.0;0.596447110176;
10.3504676819;43.4706993103;61.5465660095;-1.75;1.96920418739;12.0751943588;-1.83612214322e-09;0.0;0.0;0.0;3.0;0.601394355297;
10.4004564285;43.8248748779;62.1528892517;-1.75;1.96149814129;12.173576355;2.24245844116e-09;0.0;0.0;0.0;3.0;0.606322169304;
10.4504594803;44.1776275635;62.7641181946;-1.75;1.95354712009;12.27156353;2.13371986746e-09;0.0;0.0;0.0;3.0;0.611230492592;
10.5004749298;44.5288619995;63.3802375793;-1.74999940395;1.93654501438;12.3691282272;-1.00809556898e-05;0.0;0.0;0.0;3.0;0.616117060184;
10.5504732132;44.8788108826;64.0012207031;-1.74999892712;1.88914108276;12.4663362503;-1.77816818905e-05;0.0;0.0;0.0;3.0;0.620984256268;
10.6004772186;45.2276611328;64.6270599365;-1.75000035763;1.92509520054;12.5632390976;1.94533618014e-06;0.0;0.0;0.0;3.0;0.625839412212;
10.6504812241;45.5759735107;65.2577438354;-1.74999964237;1.93046951294;12.6599931717;-1.00429124359e-05;0.0;0.0;0.0;3.0;0.630685687065;
10.7004680634;45.9236412048;65.8932723999;-1.74999964237;1.9396995306;12.7565670013;-9.4127644843e-06;0.0;0.0;0.0;3.0;0.635523736477;
10.7504730225;46.2706947327;66.5336227417;-1.75000119209;1.86647713184;12.852971077;8.4130997493e-06;0.0;0.0;0.0;3.0;0.640352666378;
10.8004875183;46.6172065735;67.1787948608;-1.75000107288;1.92700564861;12.949224472;5.35202298124e-06;0.0;0.0;0.0;3.0;0.64517056942;
10.8504886627;46.9629478455;67.8287734985;-1.75000095367;1.91028046608;13.0452632904;3.8958537516e-06;0.0;0.0;0.0;3.0;0.649978399277;
10.9004907608;47.3080444336;68.483543396;-1.75000035763;1.9207226038;13.1411237717;-3.16580167237e-06;0.0;0.0;0.0;3.0;0.65477591753;
10.9504842758;47.6524085999;69.1431121826;-1.75000166893;1.91035103798;13.2367801666;1.08960748548e-05;0.0;0.0;0.0;3.0;0.659563004971;
11.0004959106;47.996055603;69.8074493408;-1.75000035763;1.86375582218;13.3322372437;-4.18164700022e-06;0.0;0.0;0.0;3.0;0.664341032505;
11.0504789352;48.3389434814;70.4765625;-1.74999964237;1.8861297369;13.4274845123;-1.29485588332e-05;0.0;0.0;0.0;3.0;0.669109284878;
11.1005029678;48.6811141968;71.150428772;-1.75000035763;1.85489916801;13.5225315094;-6.81009532855e-06;0.0;0.0;0.0;3.0;0.673867762089;
11.1505031586;49.0225906372;71.8290405273;-1.75000119209;1.91352498531;13.6173868179;4.35162655776e-06;0.0;0.0;0.0;3.0;0.678614556789;
11.2004852295;49.3635215759;72.5123901367;-1.75000119209;1.85805916786;13.7120895386;5.43567102795e-06;0.0;0.0;0.0;3.0;0.683351635933;
11.2504997253;49.7420578003;73.2007064819;-1.75000190735;2.24851918221;13.817237854;1.44463510878e-05;0.0;0.0;0.0;3.0;0.688316047192;
11.3005094528;50.1658554077;73.8947525024;-1.75000178814;2.44668936729;13.9349594116;1.37125962283e-05;0.0;0.0;0.0;3.0;0.694046497345;
11.3505125046;50.6053886414;74.5949401855;-1.75000143051;2.48226690292;14.0570526123;1.08182339318e-05;0.0;0.0;0.0;3.0;0.700183928013;
11.4005069733;51.0439338684;75.3012695312;-1.75000011921;2.41742491722;14.1788702011;-3.44689823351e-07;0.0;0.0;0.0;3.0;0.706333458424;
11.4505167007;51.4734992981;76.0135955811;-1.74999988079;2.295170784;14.2981939316;-1.83383929198e-06;0.0;0.0;0.0;3.0;0.712324678898;
11.5005092621;51.8903160095;76.7317123413;-1.74999892712;2.3359913826;14.4139766693;-1.32426057462e-05;0.0;0.0;0.0;3.0;0.718113303185;
11.5505056381;52.2932319641;77.4554138184;-1.74999892712;2.23149037361;14.5258979797;-1.09822076411e-05;0.0;0.0;0.0;3.0;0.723703384399;
11.6005249023;52.682258606;78.1845321655;-1.74999928474;2.12146830559;14.6339607239;-1.05032431748e-05;0.0;0.0;0.0;3.0;101.729118347;
11.65051651;53.057434082;78.9188919067;-1.75000023842;2.00866293907;14.7381763458;4.91881974085e-06;0.0;0.0;0.0;3.0;0.734364390373;
11.7005119324;53.4193954468;79.6583480835;-1.74999976158;1.94385659695;14.8387212753;1.4858491113e-06;0.0;0.0;0.0;3.0;0.739452660084;
11.7505207062;53.7686271667;80.4027328491;-1.74999904633;1.8802318573;14.9357299805;-5.84900590184e-06;0.0;0.0;0.0;3.0;0.74438226223;
11.8005151749;54.1050720215;81.1518783569;-1.75;1.79910814762;15.0291862488;6.03401213084e-06;0.0;0.0;0.0;3.0;0.749145805836;
11.8505210876;54.4297370911;81.9056167603;-1.75000154972;1.73740625381;15.1193714142;2.39342571149e-05;0.0;0.0;0.0;3.0;0.753739058971;
11.9005393982;54.7431488037;82.6637802124;-1.74999940395;1.74808740616;15.2064304352;2.5015697247e-06;0.0;0.0;0.0;3.0;0.758167147636;
11.9505300522;55.0457038879;83.4262237549;-1.74999821186;1.73349189758;15.2904729843;-8.22174479254e-06;0.0;0.0;0.0;3.0;0.762439191341;
12.0005350113;55.33751297;84.192779541;-1.74999856949;1.61450862885;15.3715314865;-6.19928323431e-06;0.0;0.0;0.0;3.0;0.766562044621;
12.0505275726;55.690536499;84.9636306763;-1.7499986887;2.55280709267;15.4695930481;-6.49742287351e-06;0.0;0.0;0.0;3.0;0.770848274231;
12.1005296707;56.2058677673;85.741065979;-1.74999833107;2.68527913094;15.6127414703;-9.09384743863e-06;0.0;0.0;0.0;3.0;0.777437269688;
12.1505537033;56.5453414917;86.5248947144;-1.7499986887;1.28056788445;15.7070398331;-8.34215461509e-06;0.0;0.0;0.0;3.0;0.783830702305;
12.2005414963;56.7220916748;87.3116149902;-1.74999916553;0.892972230911;15.7561368942;-3.21711809192e-06;0.0;0.0;0.0;3.0;0.78671836853;
12.250535965;56.8737640381;88.1001205444;-1.75000011921;0.846115469933;15.7982673645;4.87281477035e-06;0.0;0.0;0.0;3.0;0.788503408432;
12.3005399704;57.0192070007;88.8905334473;-1.75;0.826905786991;15.8386688232;6.38494884697e-06;0.0;0.0;0.0;3.0;0.790419816971;
12.3505601883;57.161441803;89.6830215454;-1.75000083447;0.781351804733;15.8781785965;1.1863099644e-05;0.0;0.0;0.0;3.0;0.792490065098;
12.4005527496;57.2999839783;90.4617156982;-1.74999988079;0.769617199898;15.9166622162;2.30146747526e-06;0.0;0.0;0.0;3.0;0.778694212437;
12.4495544434;57.4411087036;91.2583847046;-1.74999916553;0.784395754337;15.955862999;-4.7787443691e-06;0.0;0.0;0.0;3.0;0.796669244766;
12.4995698929;57.5827407837;92.0571212769;-1.75000011921;0.759797334671;15.9952058792;3.03039132632e-06;0.0;0.0;0.0;3.0;0.798737823963;
12.5495691299;57.7243385315;92.8578872681;-1.75000023842;0.815431296825;16.034538269;4.69141286885e-06;0.0;0.0;0.0;3.0;0.800764083862;
12.599562645;57.8662338257;93.6606521606;-1.74999964237;0.761082947254;16.0739536285;-2.11918813875e-06;0.0;0.0;0.0;3.0;0.802759826183;
12.6495952606;58.008972168;94.465385437;-1.75000035763;0.766574025154;16.1136035919;4.65826769869e-06;0.0;0.0;0.0;3.0;0.804739952087;
12.6996078491;58.1522483826;95.272102356;-1.75000035763;0.81363004446;16.1534023285;5.38968697583e-06;0.0;0.0;0.0;3.0;0.806713759899;
12.7495679855;58.2960319519;96.0807952881;-1.75;0.792665421963;16.1933422089;1.05327774236e-06;0.0;0.0;0.0;3.0;0.808692097664;
12.7995815277;58.4404411316;96.8914794922;-1.74999964237;0.781409204006;16.233455658;-2.93108701044e-06;0.0;0.0;0.0;3.0;0.810682415962;
12.8495731354;58.5853500366;97.7041625977;-1.75;0.809468746185;16.2737083435;1.64176094586e-06;0.0;0.0;0.0;3.0;0.812689304352;
12.8995761871;58.7307472229;98.5188751221;-1.74999928474;0.798439502716;16.3140964508;-5.28224654772e-06;0.0;0.0;0.0;3.0;0.814712226391;
12.9495773315;58.8766937256;99.3356246948;-1.74999928474;0.819806337357;16.354637146;-7.82470215199e-06;0.0;0.0;0.0;3.0;0.816747009754;
12.9995918274;59.023223877;100.154418945;-1.74999892712;0.8192923069;16.3953399658;-1.18818497867e-05;0.0;0.0;0.0;3.0;0.818791270256;
13.0495824814;59.1703567505;100.975257874;-1.75;0.820307910442;16.4362106323;-1.1086175391e-06;0.0;0.0;0.0;3.0;0.82084017992;
13.0995864868;59.3180160522;101.798149109;-1.75000071526;0.80579572916;16.4772262573;5.13891154696e-06;0.0;0.0;0.0;3.0;0.822894513607;
13.1495790482;59.4661979675;102.62310791;-1.75000107288;0.812864303589;16.5183887482;9.91904562397e-06;0.0;0.0;0.0;3.0;0.824953913689;
13.1995887756;59.6150588989;103.450126648;-1.75000059605;0.811695277691;16.5597381592;4.99904990647e-06;0.0;0.0;0.0;3.0;0.827018916607;
13.2495918274;59.7644844055;104.279212952;-1.7500013113;0.835331916809;16.6012458801;1.34769870783e-05;0.0;0.0;0.0;3.0;0.829090416431;
13.2995958328;59.9145584106;105.11038208;-1.75000023842;0.842038035393;16.6429328918;4.02248269893e-06;0.0;0.0;0.0;3.0;0.831169843674;
13.3495960236;60.0651054382;105.943641663;-1.74999952316;0.830840826035;16.6847515106;-3.15561737807e-06;0.0;0.0;0.0;3.0;0.833257198334;
13.3996009827;60.2161521912;106.778991699;-1.74999988079;0.846226930618;16.7267093658;-1.75393807922e-07;0.0;0.0;0.0;3.0;0.835352778435;
13.4496011734;60.3679428101;107.616455078;-1.74999976158;0.867163658142;16.7688732147;-1.14967656373e-06;0.0;0.0;0.0;3.0;0.837457180023;
13.4996156693;60.520160675;108.45602417;-1.74999988079;0.858493506908;16.8111553192;1.3953490452e-06;0.0;0.0;0.0;3.0;0.839569628239;
13.5495986938;60.6731300354;109.297714233;-1.74999880791;0.904454946518;16.8536472321;-9.009070709e-06;0.0;0.0;0.0;3.0;0.841689765453;
13.599609375;60.8264579773;110.141532898;-1.74999964237;0.789430916309;16.896238327;-2.76206333183e-06;0.0;0.0;0.0;3.0;0.843819141388;
13.6496105194;60.9804573059;110.987487793;-1.75000011921;0.820258438587;16.9390163422;2.86325530396e-06;0.0;0.0;0.0;3.0;0.845956146717;
13.6996068954;61.1352005005;111.835586548;-1.74999928474;0.925912737846;16.982000351;-4.19416301156e-06;0.0;0.0;0.0;3.0;0.848099946976;
13.7496261597;61.2902526855;112.685836792;-1.75000083447;0.875838458538;17.0250701904;8.96263190953e-06;0.0;0.0;0.0;3.0;0.850252211094;
13.7996301651;61.4459686279;113.538246155;-1.75000023842;0.833370566368;17.0683250427;3.95675851905e-06;0.0;0.0;0.0;3.0;0.852411329746;
13.8496313095;61.6022987366;114.392829895;-1.74999976158;0.871477603912;17.111749649;1.24803932522e-06;0.0;0.0;0.0;3.0;0.854579031467;
13.8996362686;61.7592468262;115.249580383;-1.74999916553;0.890745341778;17.1553459167;-4.78131551063e-06;0.0;0.0;0.0;3.0;0.856754720211;
13.9496259689;61.9167480469;116.108520508;-1.74999952316;0.87112313509;17.1990966797;-2.60839215116e-06;0.0;0.0;0.0;3.0;0.858938455582;
13.9996204376;62.074760437;116.969650269;-1.74999940395;0.852838993073;17.2429885864;-6.62410093355e-06;0.0;0.0;0.0;3.0;0.86113011837;
14.0496416092;62.2334785461;117.832984924;-1.74999904633;0.909770011902;17.2870769501;-1.24298712763e-05;0.0;0.0;0.0;3.0;0.863329529762;
14.0996255875;62.3926429749;118.698516846;-1.74999988079;0.895022392273;17.3312892914;-3.93398386223e-06;0.0;0.0;0.0;3.0;0.865537703037;
14.1496353149;62.5524291992;119.566268921;-1.75000059605;0.83269327879;17.3756752014;1.37322649607e-06;0.0;0.0;0.0;3.0;0.867753505707;
14.199637413;62.7129325867;120.436248779;-1.75000143051;0.950912952423;17.4202594757;9.83489098871e-06;0.0;0.0;0.0;3.0;0.869977116585;
14.2496519089;62.8738212585;121.308456421;-1.75000083447;0.863216996193;17.4649505615;5.25016184838e-06;0.0;0.0;0.0;3.0;0.872209072113;
14.299654007;63.0368728638;122.191665649;-1.75000071526;0.896074473858;17.5102424622;4.17127603214e-06;0.0;0.0;0.0;3.0;0.883204579353;
14.3496370316;63.1974868774;123.05960083;-1.75000011921;0.920262277126;17.554857254;-1.01495368199e-06;0.0;0.0;0.0;3.0;0.867940247059;
14.3996486664;63.3601531982;123.938552856;-1.75000011921;0.925737142563;17.6000423431;-1.89280012819e-06;0.0;0.0;0.0;3.0;0.878952026367;
14.4496498108;63.5233421326;124.819770813;-1.75000023842;0.879714727402;17.6453723907;-2.78003312815e-07;0.0;0.0;0.0;3.0;0.881215572357;
14.4996643066;63.6871185303;125.703262329;-1.75000095367;0.936902701855;17.6908664703;7.0924497777e-06;0.0;0.0;0.0;3.0;0.883487224579;
14.5496664047;63.8515586853;126.589027405;-1.75000059605;0.928581118584;17.7365436554;4.05016908189e-06;0.0;0.0;0.0;3.0;0.885766327381;
14.5996570587;64.0165100098;127.477081299;-1.74999964237;0.937898278236;17.7823638916;-3.17473973155e-06;0.0;0.0;0.0;3.0;0.888053357601;
14.6496610641;64.1820144653;128.367431641;-1.75000011921;0.93679279089;17.8283367157;2.49708500633e-06;0.0;0.0;0.0;3.0;0.890348553658;
14.6996603012;64.3497161865;129.269012451;-1.75000023842;0.934270739555;17.8749217987;2.70278724201e-06;0.0;0.0;0.0;3.0;0.901589989662;
14.7496757507;64.5146560669;130.155044556;-1.74999940395;0.948849797249;17.9207382202;-2.90158277494e-06;0.0;0.0;0.0;3.0;0.886024475098;
14.7996788025;64.6835021973;131.061309814;-1.74999892712;0.922157049179;17.9676399231;-8.62230990606e-06;0.0;0.0;0.0;3.0;0.906265616417;
14.8496694565;64.8513259888;131.9609375;-1.74999952316;0.919359743595;18.014257431;-3.04727882394e-06;0.0;0.0;0.0;3.0;0.899630665779;
14.8996725082;65.017906189;132.853866577;-1.74999964237;0.911116302013;18.0605297089;-3.87519185097e-06;0.0;0.0;0.0;3.0;0.892933785915;
14.9496736526;65.1885223389;133.767211914;-1.75;0.936755955219;18.1079235077;2.31382000493e-06;0.0;0.0;0.0;3.0;0.913338243961;
14.9996871948;65.3578796387;134.673858643;-1.75000011921;0.920389473438;18.1549663544;2.0653296815e-06;0.0;0.0;0.0;3.0;0.906656384468;
15.0496692657;65.5278091431;135.582885742;-1.74999940395;0.943143486977;18.2021694183;-3.66691915588e-06;0.0;0.0;0.0;3.0;0.909013867378;
15.0996932983;65.698348999;136.494262695;-1.74999976158;0.93246525526;18.2495422363;-1.75917693923e-06;0.0;0.0;0.0;3.0;0.91137868166;
15.1496944427;65.8694915771;137.408004761;-1.75000023842;0.98230689764;18.2970809937;5.57541511625e-07;0.0;0.0;0.0;3.0;0.913750648499;
15.1996898651;66.0410995483;138.324142456;-1.74999988079;0.95517206192;18.3447494507;-2.06936283575e-06;0.0;0.0;0.0;3.0;0.916130423546;
15.2496986389;66.213180542;139.242660522;-1.75;0.975191056728;18.3925495148;-7.95263133568e-07;0.0;0.0;0.0;3.0;0.918518006802;
15.2996921539;66.3858337402;140.163574219;-1.75000011921;0.958931088448;18.4405097961;1.8076876529e-07;0.0;0.0;0.0;3.0;0.920913159847;
15.349694252;66.5590133667;141.086883545;-1.75000035763;0.962505757809;18.488615036;2.63087576968e-06;0.0;0.0;0.0;3.0;0.923314929008;
15.3996973038;66.7327270508;142.01260376;-1.75000011921;0.965288639069;18.5368690491;2.76374176877e-08;0.0;0.0;0.0;3.0;0.925723910332;
15.4497079849;66.9070663452;142.940750122;-1.75000047684;0.935779392719;18.5852966309;4.32058413935e-06;0.0;0.0;0.0;3.0;0.928140997887;
15.4997119904;67.08177948;143.871322632;-1.75000035763;0.971875727177;18.6338272095;2.7916748877e-06;0.0;0.0;0.0;3.0;0.930565416813;
15.5497026443;67.257019043;144.80430603;-1.74999952316;0.945811867714;18.6825046539;-5.00113537782e-06;0.0;0.0;0.0;3.0;0.932996511459;
15.5997171402;67.433013916;145.739746094;-1.74999964237;0.981290280819;18.7313919067;-3.88739272239e-06;0.0;0.0;0.0;3.0;0.935434699059;
15.6497068405;67.6091156006;146.677627563;-1.74999988079;0.947652280331;18.7803096771;-4.04503225582e-06;0.0;0.0;0.0;3.0;0.937880396843;
15.6997337341;67.785987854;147.617965698;-1.74999976158;0.994892477989;18.8294410706;-4.82436098537e-06;0.0;0.0;0.0;3.0;0.940332889557;
15.7497577667;67.9633178711;148.560745239;-1.75000011921;1.02261316776;18.8787002563;-1.11689348614e-06;0.0;0.0;0.0;3.0;0.942791700363;
15.7997159958;68.1411361694;149.506011963;-1.75000071526;0.993652939796;18.9280929565;2.62421963271e-06;0.0;0.0;0.0;3.0;0.94525796175;
15.8497161865;68.3193664551;150.453735352;-1.75;1.01522243023;18.977602005;-2.79739128928e-06;0.0;0.0;0.0;3.0;0.947731494904;
15.899720192;68.4981994629;151.403945923;-1.75000071526;1.01459109783;19.0272769928;4.36708660345e-06;0.0;0.0;0.0;3.0;0.950211286545;
15.949713707;68.6774215698;152.356643677;-1.75000071526;0.95669478178;19.0770606995;3.11596136271e-06;0.0;0.0;0.0;3.0;0.952698409557;
15.9997243881;68.8571014404;153.311843872;-1.75000047684;0.997903466225;19.1269721985;2.08722576645e-06;0.0;0.0;0.0;3.0;0.955191552639;
16.0497264862;69.0374069214;154.26953125;-1.75000035763;1.00801384449;19.1770572662;-2.66231428014e-08;0.0;0.0;0.0;3.0;0.957690834999;
16.0997200012;69.2180099487;155.229736328;-1.75;0.986638009548;19.22722435;-3.57281237484e-07;0.0;0.0;0.0;3.0;0.96019756794;
16.1497306824;69.3989562988;156.192443848;-1.75000023842;0.988550662994;19.2774868011;1.3554057432e-06;0.0;0.0;0.0;3.0;0.96270942688;
16.1997146606;69.5784454346;157.157653809;-1.74999976158;1.0280046463;19.3273468018;-3.68651080862e-06;0.0;0.0;0.0;3.0;0.965210974216;
16.2497825623;69.7553100586;158.125335693;-1.74999964237;0.942459762096;19.3764743805;-4.54124983662e-06;0.0;0.0;0.0;3.0;0.967680335045;
16.2997493744;69.9299697876;159.095443726;-1.75000011921;0.972351610661;19.4249916077;-1.12884038117e-06;0.0;0.0;0.0;3.0;0.970115125179;
16.3497409821;70.1020202637;160.067962646;-1.75000071526;0.960808813572;19.4727840424;4.09603762819e-06;0.0;0.0;0.0;3.0;0.972516417503;
16.3997440338;70.2717437744;161.04284668;-1.75000035763;0.961624264717;19.5199279785;3.08902713186e-06;0.0;0.0;0.0;3.0;0.974885940552;
16.4497566223;70.4389343262;162.020065308;-1.75000011921;0.900994420052;19.5663700104;9.29949578676e-07;0.0;0.0;0.0;3.0;0.97722274065;
16.4997596741;70.6036605835;162.999603271;-1.74999976158;0.918050587177;19.6121273041;-1.90723153537e-06;0.0;0.0;0.0;3.0;0.979527056217;
16.5497436523;70.7660675049;163.981399536;-1.74999964237;0.864523231983;19.6572418213;-3.46091610481e-06;0.0;0.0;0.0;3.0;0.981798708439;
16.5997543335;70.9261016846;164.965438843;-1.75;0.912302732468;19.7016944885;-1.98885550162e-06;0.0;0.0;0.0;3.0;0.984036207199;
16.6497554779;71.0837860107;165.951675415;-1.74999952316;0.89430552721;19.7454967499;-4.44252827947e-06;0.0;0.0;0.0;3.0;0.986241042614;
16.6997718811;71.2390823364;166.940093994;-1.75000059605;0.819582283497;19.7886333466;4.29707370131e-06;0.0;0.0;0.0;3.0;0.988413691521;
16.7498054504;71.3920288086;167.930648804;-1.75000059605;0.871728122234;19.8311195374;4.87691067974e-06;0.0;0.0;0.0;3.0;0.990553438663;
16.7997627258;71.5427703857;168.923309326;-1.75000095367;0.870121359825;19.8729915619;8.18005264591e-06;0.0;0.0;0.0;3.0;0.992661714554;
16.8497638702;71.6912078857;169.918045044;-1.75000035763;0.841000139713;19.9142246246;4.26974520451e-06;0.0;0.0;0.0;3.0;0.994737923145;
16.899766922;71.8373718262;170.914825439;-1.74999988079;0.780469834805;19.954826355;5.76281820486e-07;0.0;0.0;0.0;3.0;0.996783435345;
16.9497699738;71.9812316895;171.913619995;-1.74999976158;0.799187719822;19.9947872162;6.15990472852e-07;0.0;0.0;0.0;3.0;0.998797237873;
16.9997730255;72.1230163574;172.914398193;-1.74999952316;0.728241503239;20.0341720581;-2.23905408347e-06;0.0;0.0;0.0;3.0;1.00078046322;
17.0497741699;72.2626266479;173.917129517;-1.74999940395;0.798154830933;20.0729522705;-1.87274292784e-06;0.0;0.0;0.0;3.0;1.00273346901;
17.0997772217;72.4000549316;174.921798706;-1.74999916553;0.779264748096;20.111125946;-5.16619547852e-06;0.0;0.0;0.0;3.0;1.00465655327;
17.1497707367;72.5354614258;175.928344727;-1.74999964237;0.767777204514;20.1487388611;-1.03565537302e-06;0.0;0.0;0.0;3.0;1.00655007362;
17.1997509003;72.668548584;176.936752319;-1.75000023842;0.717677891254;20.1857070923;4.12761664847e-06;0.0;0.0;0.0;3.0;1.0084143877;
17.2497940063;72.7996826172;177.947006226;-1.74999952316;0.755140662193;20.2221336365;-1.18619470868e-06;0.0;0.0;0.0;3.0;1.0102493763;
17.2997970581;72.9287567139;178.959060669;-1.74999928474;0.747936308384;20.2579879761;-3.84168288292e-06;0.0;0.0;0.0;3.0;1.01205527782;
17.3497886658;73.0557250977;179.972900391;-1.75000023842;0.69546443224;20.2932567596;3.89620390706e-06;0.0;0.0;0.0;3.0;1.01383328438;
17.3997917175;73.1808395386;180.988479614;-1.75000035763;0.697062790394;20.3280105591;5.93851063968e-06;0.0;0.0;0.0;3.0;1.01558303833;
17.4497928619;73.3038101196;182.005783081;-1.74999904633;0.695670008659;20.3621692657;-4.59734019387e-06;0.0;0.0;0.0;3.0;1.0173060894;
17.4997959137;73.4249420166;183.024780273;-1.74999916553;0.671013653278;20.395816803;-4.24969130108e-06;0.0;0.0;0.0;3.0;1.01900053024;
17.5497894287;73.5441131592;184.045455933;-1.74999952316;0.693332910538;20.4289207458;-3.15386705552e-06;0.0;0.0;0.0;3.0;1.02066850662;
17.5997905731;73.6613311768;185.067764282;-1.75000023842;0.658432543278;20.4614810944;3.90435161535e-06;0.0;0.0;0.0;3.0;1.02230989933;
17.6497955322;73.7767410278;186.091690063;-1.74999988079;0.644589960575;20.4935398102;7.51607217353e-07;0.0;0.0;0.0;3.0;1.02392482758;
17.6997966766;73.8902282715;187.117202759;-1.75;0.599759161472;20.525062561;1.48700314639e-06;0.0;0.0;0.0;3.0;1.02551436424;
17.7498168945;74.0018539429;188.144287109;-1.75000035763;0.612013399601;20.5560703278;5.19825607626e-06;0.0;0.0;0.0;3.0;1.02707695961;
17.7998104095;74.1117935181;189.172897339;-1.75000047684;0.60959905386;20.5866088867;6.8915474003e-06;0.0;0.0;0.0;3.0;1.02861583233;
17.8498134613;74.2199020386;190.203018188;-1.74999988079;0.622859895229;20.6166400909;1.6407016119e-06;0.0;0.0;0.0;3.0;1.03012883663;
17.8998165131;74.3261947632;191.234649658;-1.74999952316;0.569178283215;20.6461658478;-1.61122238751e-06;0.0;0.0;0.0;3.0;1.03161787987;
17.9498081207;74.4989624023;192.268234253;-1.74999904633;0.989603281021;20.6941566467;-5.29062435817e-06;0.0;0.0;0.0;3.0;1.03358459473;
17.9998111725;74.6647109985;193.304321289;-1.74999928474;0.877440869808;20.7401981354;-3.52165193362e-06;0.0;0.0;0.0;3.0;1.03610122204;
18.0498218536;74.8134918213;194.34262085;-1.74999928474;0.786076366901;20.7815246582;-3.03037495542e-06;0.0;0.0;0.0;3.0;1.03828787804;
18.099817276;74.9470596313;195.382797241;-1.74999988079;0.760056972504;20.8186283112;3.4682398109e-07;0.0;0.0;0.0;3.0;1.04018497467;
18.1498374939;75.0665740967;196.4246521;-1.74999940395;0.630648136139;20.8518257141;-3.0282226362e-06;0.0;0.0;0.0;3.0;1.04185295105;
18.1998214722;75.173500061;197.468002319;-1.74999952316;0.556791186333;20.881526947;-3.38141853717e-06;0.0;0.0;0.0;3.0;1.0433447361;
18.2498416901;75.2691040039;198.512695312;-1.75000047684;0.468403667212;20.9080848694;4.10020629715e-06;0.0;0.0;0.0;3.0;1.04470026493;
18.2998352051;75.3542556763;199.558639526;-1.75000047684;0.420940458775;20.9317378998;4.09409722124e-06;0.0;0.0;0.0;3.0;1.04593837261;
18.3498363495;75.4302368164;200.605697632;-1.75000047684;0.398726373911;20.9528427124;3.27161615132e-06;0.0;0.0;0.0;3.0;1.04706346989;
18.3998508453;75.4979553223;201.653778076;-1.75000011921;0.336732178926;20.971654892;-9.03990908796e-08;0.0;0.0;0.0;3.0;1.04807567596;
18.4498519897;75.5584793091;202.702758789;-1.75000047684;0.335806101561;20.9884662628;2.66982351604e-06;0.0;0.0;0.0;3.0;1.04897582531;
18.4998455048;75.612411499;203.7525177;-1.75000011921;0.240716516972;21.003446579;-2.0307227544e-07;0.0;0.0;0.0;3.0;1.04977214336;
18.5498390198;75.6605072021;204.802993774;-1.75000023842;0.252758651972;21.0168075562;9.22460174024e-07;0.0;0.0;0.0;3.0;1.05047726631;
18.5998497009;75.7032623291;205.854110718;-1.75;0.215546116233;21.0286846161;-1.47210323576e-06;0.0;0.0;0.0;3.0;1.05110311508;
18.6498603821;75.741317749;206.905761719;-1.75000035763;0.199366047978;21.0392551422;2.41911061494e-06;0.0;0.0;0.0;3.0;1.05166089535;
18.6998500824;75.775100708;207.95791626;-1.74999952316;0.192030489445;21.0486392975;-3.89219712815e-06;0.0;0.0;0.0;3.0;1.0521582365;
18.7498874664;75.7873916626;209.010391235;-1.74999976158;0.0906680524349;21.0520534515;-2.91847845801e-06;0.0;0.0;0.0;3.0;1.05246603489;
18.7999000549;75.7974319458;210.062973022;-1.75;0.0498874932528;21.0548419952;-1.97959320758e-06;0.0;0.0;0.0;3.0;1.05258560181;
18.849861145;75.8073196411;211.115707397;-1.75000059605;0.0714659169316;21.0575885773;3.76291654902e-06;0.0;0.0;0.0;3.0;1.05272519588;
18.8998641968;75.8170623779;212.168579102;-1.75000023842;0.0309732463211;21.060295105;1.24768644127e-06;0.0;0.0;0.0;3.0;1.05287659168;
18.9498653412;75.8268127441;213.221603394;-1.75;0.0605230182409;21.06300354;6.6190580128e-07;0.0;0.0;0.0;3.0;1.05302882195;
18.9998683929;75.8364181519;214.274780273;-1.74999952316;0.0544442944229;21.0656719208;-3.57707904186e-06;0.0;0.0;0.0;3.0;1.05317747593;
19.0498695374;75.8460769653;215.328109741;-1.74999988079;0.0614876672626;21.0683555603;-1.9176198407e-07;0.0;0.0;0.0;3.0;1.05332303047;
19.0998725891;75.8555831909;216.381576538;-1.75000071526;0.0706183090806;21.0709953308;7.01623457644e-06;0.0;0.0;0.0;3.0;1.05346572399;
19.1498851776;75.865020752;217.435180664;-1.75000011921;0.0595415383577;21.0736179352;2.35202674048e-06;0.0;0.0;0.0;3.0;1.05360543728;
19.1998691559;75.8744506836;218.488922119;-1.74999928474;0.051049631089;21.0762367249;-3.4957099615e-06;0.0;0.0;0.0;3.0;1.05374324322;
19.2498893738;75.8837890625;219.542800903;-1.74999988079;0.0205766987056;21.078830719;4.68637324502e-07;0.0;0.0;0.0;3.0;1.05387878418;
19.2998828888;75.8931350708;220.596817017;-1.75000011921;0.0366664379835;21.0814266205;1.59169292147e-06;0.0;0.0;0.0;3.0;1.05401301384;
19.3498744965;75.9023666382;221.6509552;-1.75000035763;0.0343337133527;21.083990097;4.97938799526e-06;0.0;0.0;0.0;3.0;1.05414521694;
19.399887085;75.9115753174;222.705230713;-1.74999952316;0.0511722676456;21.0865478516;-6.18120850504e-07;0.0;0.0;0.0;3.0;1.05427598953;
19.4498996735;75.920715332;223.759643555;-1.74999904633;0.0370288752019;21.0890884399;-5.07762433699e-06;0.0;0.0;0.0;3.0;1.05440604687;
19.4999027252;75.9298400879;224.814178467;-1.74999952316;0.0512782409787;21.0916213989;-1.96857740775e-06;0.0;0.0;0.0;3.0;1.05453467369;
19.5498847961;75.9388961792;225.868835449;-1.75;0.0675413608551;21.0941371918;1.65391315932e-06;0.0;0.0;0.0;3.0;1.05466198921;
19.5999069214;75.9478530884;226.923629761;-1.74999976158;0.0126840835437;21.0966262817;-1.08526364784e-06;0.0;0.0;0.0;3.0;1.05478894711;
19.6499099731;75.9568557739;227.978546143;-1.74999964237;0.0646403431892;21.0991268158;-2.98036979984e-06;0.0;0.0;0.0;3.0;1.05491435528;
19.6998977661;75.9657058716;229.033584595;-1.75000011921;0.0406147763133;21.1015853882;1.40862653097e-06;0.0;0.0;0.0;3.0;1.05503952503;
19.7499351501;75.9745483398;230.088745117;-1.75000035763;0.0420609340072;21.1040420532;2.94577694149e-06;0.0;0.0;0.0;3.0;1.05516338348;
19.7999534607;75.9833908081;231.14402771;-1.75;0.0592042841017;21.1064968109;1.12624616122e-06;0.0;0.0;0.0;3.0;1.0552867651;
19.8499088287;75.9921569824;232.199432373;-1.74999952316;0.0620320476592;21.1089324951;-3.76284265258e-06;0.0;0.0;0.0;3.0;1.05540907383;
19.8999118805;76.0008392334;233.254974365;-1.74999988079;0.0468284897506;21.1113452911;-1.62191770414e-06;0.0;0.0;0.0;3.0;1.05553042889;
19.9499053955;76.009475708;234.310623169;-1.75000083447;0.0564588867128;21.1137428284;5.95827941652e-06;0.0;0.0;0.0;3.0;1.05565130711;
19.9999446869;76.0180740356;235.366394043;-1.75000035763;0.050613027066;21.1161308289;3.33782531925e-06;0.0;0.0;0.0;3.0;1.05577158928;
20.0499649048;76.0266418457;236.422286987;-1.75000047684;0.0607188716531;21.1185112;5.23294465893e-06;0.0;0.0;0.0;3.0;1.05589103699;
20.0999298096;76.0351333618;237.478286743;-1.75000035763;0.0187936015427;21.1208705902;5.27741894985e-06;0.0;0.0;0.0;3.0;1.05600976944;
20.1499233246;76.0436325073;238.534423828;-1.74999976158;0.0258307009935;21.1232318878;9.13399560432e-07;0.0;0.0;0.0;3.0;1.05612778664;
20.199924469;76.0521011353;239.590667725;-1.74999952316;0.0821599215269;21.1255836487;-5.21407343967e-07;0.0;0.0;0.0;3.0;1.056245327;
20.2499256134;76.0604019165;240.647033691;-1.74999952316;0.0376921705902;21.1278896332;-1.3748673382e-06;0.0;0.0;0.0;3.0;1.0563621521;
20.2999401093;76.0687484741;241.70350647;-1.75;0.0583744235337;21.1302070618;3.334241228e-06;0.0;0.0;0.0;3.0;1.05647814274;
20.3499317169;76.077041626;242.760101318;-1.75000011921;0.0417028740048;21.1325111389;5.53202244191e-06;0.0;0.0;0.0;3.0;1.05659341812;
